"","CALENDAR_YEAR","COVERAGE_TYPE","VESSEL_TYPE","GEAR_TYPE","MANAGEMENT_PROGRAM_CODE","NMFS_REGION","TOTAL_DAYS","TOTAL_OBSERVERS","TOTAL_CRUISES","DISTINCT_OBSERVER_ASSIGNMENTS","CATEGORY","SUBCATEGORY","TOTAL_STATEMENTS","TOTAL_INCIDENTS","CONFI_FLAG","AFFIS_PER_DAY","INCIDENTS_PER_DAY","STATEMENTS_PER_1000_DEPLOYED_DAYS","INCIDENTS_PER_1000_DEPLOYED_DAYS","STATEMENTS_PER_90_DEPLOYED_DAYS","INCIDENTS_PER_90_DEPLOYED_DAYS","STATEMENTS_PER_OBSERVER","INCIDENTS_PER_OBSERVER","STATEMENTS_PER_CRUISE","INCIDENTS_PER_CRUISE","STATEMENTS_PER_ASSIGNMENT","INCIDENTS_PER_ASSIGNMENT"
"1",2022,"FULL","CP/MS","HAL","CDQ","BSAI",548,24,24,25,NA,NA,NA,NA,0,NA,NA,NA,NA,NA,NA,NA,NA,NA,NA,NA,NA
"2",2022,"FULL","CP/MS","HAL","IFQ","BSAI",1,1,1,1,NA,NA,NA,NA,1,NA,NA,NA,NA,NA,NA,NA,NA,NA,NA,NA,NA
"3",2022,"FULL","CP/MS","HAL","IFQ","GOA",35,1,1,1,NA,NA,NA,NA,1,NA,NA,NA,NA,NA,NA,NA,NA,NA,NA,NA,NA
"4",2022,"FULL","CP/MS","HAL","OA","BSAI",545,14,14,14,NA,NA,NA,NA,0,NA,NA,NA,NA,NA,NA,NA,NA,NA,NA,NA,NA
"5",2022,"FULL","CP/MS","HAL","OA","GOA",51,4,4,4,NA,NA,NA,NA,0,NA,NA,NA,NA,NA,NA,NA,NA,NA,NA,NA,NA
"6",2022,"FULL","CP/MS","NPT","A80","BSAI",2488,65,67,72,NA,NA,NA,NA,0,NA,NA,NA,NA,NA,NA,NA,NA,NA,NA,NA,NA
"7",2022,"FULL","CP/MS","NPT","CDQ","BSAI",406,27,27,27,NA,NA,NA,NA,0,NA,NA,NA,NA,NA,NA,NA,NA,NA,NA,NA,NA
"8",2022,"FULL","CP/MS","NPT","OA","BSAI",447,23,23,23,NA,NA,NA,NA,0,NA,NA,NA,NA,NA,NA,NA,NA,NA,NA,NA,NA
"9",2022,"FULL","CP/MS","NPT","OA","GOA",56,5,5,5,NA,NA,NA,NA,0,NA,NA,NA,NA,NA,NA,NA,NA,NA,NA,NA,NA
"10",2022,"FULL","CP/MS","NPT","RPP","GOA",14,2,2,2,NA,NA,NA,NA,1,NA,NA,NA,NA,NA,NA,NA,NA,NA,NA,NA,NA
"11",2022,"FULL","CP/MS","POT","CDQ","BSAI",91,4,4,4,NA,NA,NA,NA,0,NA,NA,NA,NA,NA,NA,NA,NA,NA,NA,NA,NA
"12",2022,"FULL","CP/MS","POT","IFQ","BSAI",128,6,6,6,NA,NA,NA,NA,0,NA,NA,NA,NA,NA,NA,NA,NA,NA,NA,NA,NA
"13",2022,"FULL","CP/MS","POT","IFQ","GOA",39,2,2,2,NA,NA,NA,NA,1,NA,NA,NA,NA,NA,NA,NA,NA,NA,NA,NA,NA
"14",2022,"FULL","CP/MS","POT","OA","BSAI",80,2,2,2,NA,NA,NA,NA,1,NA,NA,NA,NA,NA,NA,NA,NA,NA,NA,NA,NA
"15",2022,"FULL","CP/MS","PTR","AFA","BSAI",66,3,3,3,NA,NA,NA,NA,0,NA,NA,NA,NA,NA,NA,NA,NA,NA,NA,NA,NA
"16",2022,"FULL","CP/MS","PTR","CDQ","BSAI",10,2,2,2,NA,NA,NA,NA,1,NA,NA,NA,NA,NA,NA,NA,NA,NA,NA,NA,NA
"17",2022,"FULL","CV","NPT","RPP","GOA",107,11,11,14,NA,NA,NA,NA,0,NA,NA,NA,NA,NA,NA,NA,NA,NA,NA,NA,NA
"18",2022,"FULL","CV","PTR","AFA","BSAI",123,5,5,5,NA,NA,NA,NA,0,NA,NA,NA,NA,NA,NA,NA,NA,NA,NA,NA,NA
"19",2022,"FULL","CV","PTR","OA","GOA",33,2,2,2,NA,NA,NA,NA,1,NA,NA,NA,NA,NA,NA,NA,NA,NA,NA,NA,NA
"20",2022,"FULL","CV","PTR","RPP","GOA",77,7,7,8,NA,NA,NA,NA,0,NA,NA,NA,NA,NA,NA,NA,NA,NA,NA,NA,NA
"21",2022,"FULL","PLANT"," ","AFA","BSAI",194,9,9,9,NA,NA,NA,NA,0,NA,NA,NA,NA,NA,NA,NA,NA,NA,NA,NA,NA
"22",2022,"FULL","PLANT"," ","OA","BSAI",6,3,3,3,NA,NA,NA,NA,0,NA,NA,NA,NA,NA,NA,NA,NA,NA,NA,NA,NA
"23",2022,"FULL","PLANT"," ","OA","GOA",693,15,15,21,NA,NA,NA,NA,0,NA,NA,NA,NA,NA,NA,NA,NA,NA,NA,NA,NA
"24",2022,"PARTIAL","CV","HAL","IFQ","BSAI",90,7,7,9,NA,NA,NA,NA,0,NA,NA,NA,NA,NA,NA,NA,NA,NA,NA,NA,NA
"25",2022,"PARTIAL","CV","HAL","IFQ","GOA",374,23,23,63,NA,NA,NA,NA,0,NA,NA,NA,NA,NA,NA,NA,NA,NA,NA,NA,NA
"26",2022,"PARTIAL","CV","NPT","OA","BSAI",14,2,2,2,NA,NA,NA,NA,1,NA,NA,NA,NA,NA,NA,NA,NA,NA,NA,NA,NA
"27",2022,"PARTIAL","CV","NPT","OA","GOA",37,10,10,14,NA,NA,NA,NA,0,NA,NA,NA,NA,NA,NA,NA,NA,NA,NA,NA,NA
"28",2022,"PARTIAL","CV","POT","IFQ","BSAI",58,7,7,9,NA,NA,NA,NA,0,NA,NA,NA,NA,NA,NA,NA,NA,NA,NA,NA,NA
"29",2022,"PARTIAL","CV","POT","IFQ","GOA",326,23,23,51,NA,NA,NA,NA,0,NA,NA,NA,NA,NA,NA,NA,NA,NA,NA,NA,NA
"30",2022,"PARTIAL","CV","POT","OA","BSAI",30,2,2,2,NA,NA,NA,NA,1,NA,NA,NA,NA,NA,NA,NA,NA,NA,NA,NA,NA
"31",2022,"PARTIAL","CV","POT","OA","GOA",8,2,2,2,NA,NA,NA,NA,1,NA,NA,NA,NA,NA,NA,NA,NA,NA,NA,NA,NA
"32",2022,"PARTIAL","CV","PTR","OA","GOA",175,20,20,32,NA,NA,NA,NA,0,NA,NA,NA,NA,NA,NA,NA,NA,NA,NA,NA,NA
"33",2023,"FULL","CP/MS","HAL","CDQ","BSAI",629,27,29,31,"GEAR/EQUIPMENT REQUIREMENTS","SCALES",0.96875,0.96875,0,0.00154014308426073,0.00154014308426073,1.54014308426073,1.54014308426073,0.138612877583466,0.138612877583466,0.0358796296296296,0.0358796296296296,0.0334051724137931,0.0334051724137931,0.03125,0.03125
"34",2023,"FULL","CP/MS","HAL","CDQ","BSAI",629,27,29,31,"OBSERVER SAFETY AND WORK ENVIRONMENT","SAFETY",0.711111111111111,2.13333333333333,0,0.0011305423070129,0.00339162692103869,1.1305423070129,3.39162692103869,0.101748807631161,0.305246422893482,0.0263374485596708,0.0790123456790123,0.0245210727969349,0.0735632183908046,0.0229390681003584,0.0688172043010753
"35",2023,"FULL","CP/MS","HAL","CDQ","BSAI",629,27,29,31,"PERMITS/DOCUMENTS/RECORD KEEPING AND REPORTING","GENERAL REPORTING REQUIREMENTS",0.0434782608695652,0.304347826086957,0,6.91228312711689e-05,0.000483859818898182,0.0691228312711689,0.483859818898182,0.0062210548144052,0.0435473837008364,0.00161030595813205,0.0112721417069243,0.00149925037481259,0.0104947526236882,0.00140252454417952,0.00981767180925666
"36",2023,"FULL","CP/MS","HAL","CDQ","BSAI",629,27,29,31,"PERMITS/DOCUMENTS/RECORD KEEPING AND REPORTING","INSPECTION REPORTS",0.2,1.4,0,0.000317965023847377,0.00222575516693164,0.317965023847377,2.22575516693164,0.0286168521462639,0.200317965023847,0.00740740740740741,0.0518518518518519,0.00689655172413793,0.0482758620689655,0.00645161290322581,0.0451612903225806
"37",2023,"FULL","CP/MS","HAL","CDQ","BSAI",629,27,29,31,"SAFETY-USCG-EQUIPMENT","SURVIVAL CRAFT",0.283582089552239,1.41791044776119,0,0.000450845929335833,0.00225422964667916,0.450845929335833,2.25422964667916,0.0405761336402249,0.202880668201125,0.0105030403537866,0.0525152017689331,0.00977869274318065,0.0488934637159032,0.0091478093403948,0.045739046701974
"38",2023,"FULL","CP/MS","HAL","CDQ","BSAI",629,27,29,31,"SAFETY-USCG-FAIL TO CONDUCT DRILLS AND/OR SAFETY ORIENTATION","FAILURE TO CONDUCT DRILLS",0.355263157894737,10.6578947368421,0,0.000564806292360472,0.0169441887708142,0.564806292360472,16.9441887708142,0.0508325663124425,1.52497698937327,0.0131578947368421,0.394736842105263,0.0122504537205082,0.367513611615245,0.0114601018675722,0.343803056027165
"39",2023,"FULL","CP/MS","HAL","CDQ","BSAI",629,27,29,31,"SAFETY-USCG-MARINE CASUALTY","MARINE CASUALTY",1.3760101010101,1.3760101010101,0,0.00218761542290954,0.00218761542290954,2.18761542290954,2.18761542290954,0.196885388061859,0.196885388061859,0.0509633370744482,0.0509633370744482,0.0474486241727621,0.0474486241727621,0.0443874226132291,0.0443874226132291
"40",2023,"FULL","CP/MS","HAL","IFQ","BSAI",1,1,1,1,NA,NA,NA,NA,1,NA,NA,NA,NA,NA,NA,NA,NA,NA,NA,NA,NA
"41",2023,"FULL","CP/MS","HAL","IFQ","GOA",19,1,1,1,NA,NA,NA,NA,1,NA,NA,NA,NA,NA,NA,NA,NA,NA,NA,NA,NA
"42",2023,"FULL","CP/MS","HAL","OA","BSAI",3627,55,71,73,"GEAR/EQUIPMENT REQUIREMENTS","OBSERVER SAMPLING STATION",1.38888888888889,3.38888888888889,0,0.000382930490457372,0.000934350396715988,0.382930490457372,0.934350396715988,0.0344637441411635,0.0840915357044389,0.0252525252525253,0.0616161616161616,0.0195618153364632,0.0477308294209703,0.0190258751902588,0.0464231354642314
"43",2023,"FULL","CP/MS","HAL","OA","BSAI",3627,55,71,73,"GEAR/EQUIPMENT REQUIREMENTS","SCALES",2.03125,2.03125,0,0.000560035842293907,0.000560035842293907,0.560035842293907,0.560035842293907,0.0504032258064516,0.0504032258064516,0.0369318181818182,0.0369318181818182,0.0286091549295775,0.0286091549295775,0.0278253424657534,0.0278253424657534
"44",2023,"FULL","CP/MS","HAL","OA","BSAI",3627,55,71,73,"INTERFERENCE WITH DUTIES","DESTRUCTION OF SAMPLE/WORK/PERSONAL EFFECTS",1,1,0,0.000275709953129308,0.000275709953129308,0.275709953129308,0.275709953129308,0.0248138957816377,0.0248138957816377,0.0181818181818182,0.0181818181818182,0.0140845070422535,0.0140845070422535,0.0136986301369863,0.0136986301369863
"45",2023,"FULL","CP/MS","HAL","OA","BSAI",3627,55,71,73,"INTERFERENCE WITH DUTIES","REASONABLE ASSISTANCE",1.38888888888889,8.33333333333333,0,0.000382930490457372,0.00229758294274423,0.382930490457372,2.29758294274423,0.0344637441411635,0.206782464846981,0.0252525252525253,0.151515151515152,0.0195618153364632,0.117370892018779,0.0190258751902588,0.114155251141553
"46",2023,"FULL","CP/MS","HAL","OA","BSAI",3627,55,71,73,"MARPOL/OIL SPILL","DISCHARGE OF GARBAGE OR PLASTIC, OR LOSS OF FISHING GEAR",2,2,0,0.000551419906258616,0.000551419906258616,0.551419906258616,0.551419906258616,0.0496277915632754,0.0496277915632754,0.0363636363636364,0.0363636363636364,0.028169014084507,0.028169014084507,0.0273972602739726,0.0273972602739726
"47",2023,"FULL","CP/MS","HAL","OA","BSAI",3627,55,71,73,"MARPOL/OIL SPILL","DISCHARGE OF OIL",1,1,0,0.000275709953129308,0.000275709953129308,0.275709953129308,0.275709953129308,0.0248138957816377,0.0248138957816377,0.0181818181818182,0.0181818181818182,0.0140845070422535,0.0140845070422535,0.0136986301369863,0.0136986301369863
"48",2023,"FULL","CP/MS","HAL","OA","BSAI",3627,55,71,73,"PERMITS/DOCUMENTS/RECORD KEEPING AND REPORTING","GENERAL REPORTING REQUIREMENTS",2.95652173913043,149.695652173913,0,0.000815142470121432,0.0412725812445308,0.815142470121432,41.2725812445308,0.0733628223109289,3.71453231200777,0.0537549407114624,2.72173913043478,0.0416411512553582,2.10838946723821,0.0405002977963073,2.05062537224538
"49",2023,"FULL","CP/MS","HAL","OA","BSAI",3627,55,71,73,"PERMITS/DOCUMENTS/RECORD KEEPING AND REPORTING","IFQ PERMIT",1,2,0,0.000275709953129308,0.000551419906258616,0.275709953129308,0.551419906258616,0.0248138957816377,0.0496277915632754,0.0181818181818182,0.0363636363636364,0.0140845070422535,0.028169014084507,0.0136986301369863,0.0273972602739726
"50",2023,"FULL","CP/MS","HAL","OA","BSAI",3627,55,71,73,"PERMITS/DOCUMENTS/RECORD KEEPING AND REPORTING","INSPECTION REPORTS",0.8,5.6,0,0.000220567962503446,0.00154397573752412,0.220567962503446,1.54397573752412,0.0198511166253102,0.138957816377171,0.0145454545454545,0.101818181818182,0.0112676056338028,0.0788732394366197,0.010958904109589,0.0767123287671233
"51",2023,"FULL","CP/MS","HAL","OA","BSAI",3627,55,71,73,"PROHIBITED SPECIES/MARINE MAMMALS/SEABIRDS","PROHIBITED SPECIES MISHANDLING",9,14,0,0.00248138957816377,0.00385993934381031,2.48138957816377,3.85993934381031,0.223325062034739,0.347394540942928,0.163636363636364,0.254545454545455,0.126760563380282,0.197183098591549,0.123287671232877,0.191780821917808
"52",2023,"FULL","CP/MS","HAL","OA","BSAI",3627,55,71,73,"SAFETY-USCG-EQUIPMENT","SURVIVAL CRAFT",0.716417910447761,3.58208955223881,0,0.000197523548510549,0.000987617742552745,0.197523548510549,0.987617742552745,0.0177771193659494,0.088885596829747,0.0130257801899593,0.0651289009497965,0.010090393104898,0.0504519655244902,0.00981394397873645,0.0490697198936823
"53",2023,"FULL","CP/MS","HAL","OA","BSAI",3627,55,71,73,"SAFETY-USCG-FAIL TO CONDUCT DRILLS AND/OR SAFETY ORIENTATION","FAILURE TO CONDUCT DRILLS",3.64473684210526,113.342105263158,0,0.0010048902239055,0.0312495465296824,1.0048902239055,31.2495465296824,0.0904401201514954,2.81245918767141,0.0662679425837321,2.06076555023923,0.0513343217197924,1.59636767976279,0.0499279019466474,1.55263157894737
"54",2023,"FULL","CP/MS","HAL","OA","BSAI",3627,55,71,73,"SAFETY-USCG-MARINE CASUALTY","MARINE CASUALTY",6.82272727272727,7.82272727272727,0,0.00188109381657769,0.002156803769707,1.88109381657769,2.156803769707,0.169298443491992,0.19411233927363,0.12404958677686,0.142231404958678,0.0960947503201024,0.110179257362356,0.0934620174346202,0.107160647571606
"55",2023,"FULL","CP/MS","HAL","OA","BSAI",3627,55,71,73,"SUSTAINABLE FISHERIES","UNLAWFUL DISCARD",1.4,7,0,0.000385993934381031,0.00192996967190516,0.385993934381031,1.92996967190516,0.0347394540942928,0.173697270471464,0.0254545454545455,0.127272727272727,0.0197183098591549,0.0985915492957746,0.0191780821917808,0.0958904109589041
"56",2023,"FULL","CP/MS","HAL","OA","GOA",117,7,7,7,"OBSERVER SAFETY AND WORK ENVIRONMENT","SAFETY",0.288888888888889,0.866666666666667,0,0.00246913580246914,0.00740740740740741,2.46913580246914,7.40740740740741,0.222222222222222,0.666666666666667,0.0412698412698413,0.123809523809524,0.0412698412698413,0.123809523809524,0.0412698412698413,0.123809523809524
"57",2023,"FULL","CP/MS","HAL","OA","GOA",117,7,7,7,"PROHIBITED SPECIES/MARINE MAMMALS/SEABIRDS","PROHIBITED SPECIES MISHANDLING",1,1,0,0.00854700854700855,0.00854700854700855,8.54700854700855,8.54700854700855,0.769230769230769,0.769230769230769,0.142857142857143,0.142857142857143,0.142857142857143,0.142857142857143,0.142857142857143,0.142857142857143
"58",2023,"FULL","CP/MS","HAL","OA","GOA",117,7,7,7,"SAFETY-USCG-MARINE CASUALTY","MARINE CASUALTY",0.244444444444444,0.244444444444444,0,0.00208926875593542,0.00208926875593542,2.08926875593542,2.08926875593542,0.188034188034188,0.188034188034188,0.0349206349206349,0.0349206349206349,0.0349206349206349,0.0349206349206349,0.0349206349206349,0.0349206349206349
"59",2023,"FULL","CP/MS","NPT","A80","BSAI",8648,126,164,169,"GEAR/EQUIPMENT REQUIREMENTS","BIN MONITORING",6,219,0,0.000693802035152636,0.0253237742830712,0.693802035152636,25.3237742830712,0.0624421831637373,2.27913968547641,0.0476190476190476,1.73809523809524,0.0365853658536585,1.33536585365854,0.0355029585798817,1.29585798816568
"60",2023,"FULL","CP/MS","NPT","A80","BSAI",8648,126,164,169,"GEAR/EQUIPMENT REQUIREMENTS","OBSERVER SAMPLING STATION",12.0227937267411,183.070321637427,0,0.00139023979263889,0.0211690936213491,1.39023979263889,21.1690936213491,0.1251215813375,1.90521842592142,0.0954189978312785,1.4529390606145,0.0733097178459823,1.1162824490087,0.0711407912824917,1.08325634104986
"61",2023,"FULL","CP/MS","NPT","A80","BSAI",8648,126,164,169,"GEAR/EQUIPMENT REQUIREMENTS","SCALES",5.80016204544923,10.359118961549,0,0.000670694038557959,0.00119786296965183,0.670694038557959,1.19786296965183,0.0603624634702163,0.107807667268664,0.0460330321067399,0.0822152298535635,0.0353668417405441,0.0631653595216403,0.034320485476031,0.0612965619026568
"62",2023,"FULL","CP/MS","NPT","A80","BSAI",8648,126,164,169,"GEAR/EQUIPMENT REQUIREMENTS","VIDEO MONITORING SYSTEM",4.0944893853959,56.5767392771791,0,0.000473460844749757,0.00654217614213449,0.473460844749757,6.54217614213449,0.0426114760274781,0.588795852792104,0.032495947503142,0.449021740295072,0.0249663986914384,0.344980117543775,0.0242277478425793,0.334773605190409
"63",2023,"FULL","CP/MS","NPT","A80","BSAI",8648,126,164,169,"INTERFERENCE WITH DUTIES","DESTRUCTION OF SAMPLE/WORK/PERSONAL EFFECTS",1,1,0,0.000115633672525439,0.000115633672525439,0.115633672525439,0.115633672525439,0.0104070305272895,0.0104070305272895,0.00793650793650794,0.00793650793650794,0.00609756097560976,0.00609756097560976,0.00591715976331361,0.00591715976331361
"64",2023,"FULL","CP/MS","NPT","A80","BSAI",8648,126,164,169,"INTERFERENCE WITH DUTIES","SAMPLING INTERFERENCE",1.54166666666667,6.08333333333333,0,0.000178268578476719,0.000703438174529756,0.178268578476719,0.703438174529756,0.0160441720629047,0.0633094357076781,0.0122354497354497,0.0482804232804233,0.00940040650406504,0.0370934959349594,0.00912228796844181,0.0359960552268245
"65",2023,"FULL","CP/MS","NPT","A80","BSAI",8648,126,164,169,"MARPOL/OIL SPILL","DISCHARGE OF GARBAGE OR PLASTIC, OR LOSS OF FISHING GEAR",1.82456140350877,15.0175438596491,0,0.000210980735835889,0.00173653374880309,0.210980735835889,1.73653374880309,0.0189882662252301,0.156288037392278,0.0144806460595934,0.119186856028961,0.0111253744116389,0.0915703893881044,0.0107962213225371,0.0888612062701132
"66",2023,"FULL","CP/MS","NPT","A80","BSAI",8648,126,164,169,"MARPOL/OIL SPILL","DISCHARGE OF OIL",2,2,0,0.000231267345050879,0.000231267345050879,0.231267345050879,0.231267345050879,0.0208140610545791,0.0208140610545791,0.0158730158730159,0.0158730158730159,0.0121951219512195,0.0121951219512195,0.0118343195266272,0.0118343195266272
"67",2023,"FULL","CP/MS","NPT","A80","BSAI",8648,126,164,169,"OBSERVER SAFETY AND WORK ENVIRONMENT","ASSAULT",0.481481481481481,0.481481481481481,0,5.5675471956693e-05,5.5675471956693e-05,0.055675471956693,0.055675471956693,0.00501079247610237,0.00501079247610237,0.00382128159905938,0.00382128159905938,0.00293586269196025,0.00293586269196025,0.00284900284900285,0.00284900284900285
"68",2023,"FULL","CP/MS","NPT","A80","BSAI",8648,126,164,169,"OBSERVER SAFETY AND WORK ENVIRONMENT","FOOD AND ACCOMMODATIONS",1,26,0,0.000115633672525439,0.00300647548566142,0.115633672525439,3.00647548566142,0.0104070305272895,0.270582793709528,0.00793650793650794,0.206349206349206,0.00609756097560976,0.158536585365854,0.00591715976331361,0.153846153846154
"69",2023,"FULL","CP/MS","NPT","A80","BSAI",8648,126,164,169,"OBSERVER SAFETY AND WORK ENVIRONMENT","HOSTILE WORK ENVIRONMENT",2.70217538422307,19.6786767229965,0,0.000312462463485554,0.00227551765992096,0.312462463485554,2.27551765992096,0.0281216217136999,0.204796589392887,0.0214458363827228,0.156179973992036,0.0164766791720919,0.119991931237784,0.0159892034569412,0.116441874100571
"70",2023,"FULL","CP/MS","NPT","A80","BSAI",8648,126,164,169,"OBSERVER SAFETY AND WORK ENVIRONMENT","INTIMIDATION/BRIBERY/COERCION",0.536082474226804,0.536082474226804,0,6.19891852713696e-05,6.19891852713696e-05,0.0619891852713696,0.0619891852713696,0.00557902667442326,0.00557902667442326,0.00425462281132384,0.00425462281132384,0.00326879557455368,0.00326879557455368,0.00317208564631245,0.00317208564631245
"71",2023,"FULL","CP/MS","NPT","A80","BSAI",8648,126,164,169,"OBSERVER SAFETY AND WORK ENVIRONMENT","SAFETY",3.6140350877193,108.649122807018,0,0.000417904149828781,0.0125634970868429,0.417904149828781,12.5634970868429,0.0376113734845903,1.13071473781586,0.0286828181565024,0.86229462545252,0.0220367993153616,0.662494651262302,0.0213848230042562,0.642894217793003
"72",2023,"FULL","CP/MS","NPT","A80","BSAI",8648,126,164,169,"OBSERVER SAFETY AND WORK ENVIRONMENT","SEXUAL HARASSMENT",2.73422159887798,8.44389901823282,0,0.00031616808497664,0.000976399053912213,0.31616808497664,0.976399053912213,0.0284551276478976,0.0878759148520992,0.0217001714196665,0.0670150715732764,0.0166720829199877,0.051487189135566,0.0161788260288638,0.0499638995161705
"73",2023,"FULL","CP/MS","NPT","A80","BSAI",8648,126,164,169,"OPERATIONAL REQUIREMENTS","BELT AND FLOW OPERATIONS",1.85714285714286,2.71428571428571,0,0.000214748248975816,0.000313862825426193,0.214748248975816,0.313862825426193,0.0193273424078234,0.0282476542883573,0.0147392290249433,0.0215419501133787,0.0113240418118467,0.0165505226480836,0.010989010989011,0.0160608622147084
"74",2023,"FULL","CP/MS","NPT","A80","BSAI",8648,126,164,169,"OPERATIONAL REQUIREMENTS","CATCH WEIGHING",3.21739130434783,18.7391304347826,0,0.000372038772473153,0.00216687447210715,0.372038772473153,2.16687447210715,0.0334834895225838,0.195018702489643,0.0255348516218081,0.14872325741891,0.0196182396606575,0.114262990455992,0.019037818368922,0.110882428608181
"75",2023,"FULL","CP/MS","NPT","A80","BSAI",8648,126,164,169,"PERMITS/DOCUMENTS/RECORD KEEPING AND REPORTING","GENERAL REPORTING REQUIREMENTS",3.01691960623462,236.259673229423,0,0.000348857493782911,0.0273195736851784,0.348857493782911,27.3195736851784,0.031397174440462,2.45876163166606,0.0239438063986874,1.87507677166209,0.0183958512575282,1.44060776359404,0.0178515953031634,1.39798623212676
"76",2023,"FULL","CP/MS","NPT","A80","BSAI",8648,126,164,169,"PROHIBITED SPECIES/MARINE MAMMALS/SEABIRDS","HALIBUT DECK SORTING",2,51,0,0.000231267345050879,0.00589731729879741,0.231267345050879,5.89731729879741,0.0208140610545791,0.530758556891767,0.0158730158730159,0.404761904761905,0.0121951219512195,0.310975609756098,0.0118343195266272,0.301775147928994
"77",2023,"FULL","CP/MS","NPT","A80","BSAI",8648,126,164,169,"PROHIBITED SPECIES/MARINE MAMMALS/SEABIRDS","MARINE MAMMAL",5.57020202020202,11.570202020202,0,0.000644102916304581,0.00133790495145722,0.644102916304581,1.33790495145722,0.0579692624674123,0.12041144563115,0.0442079525412859,0.0918270001603335,0.0339646464646465,0.070550012318305,0.0329597752674676,0.0684627338473492
"78",2023,"FULL","CP/MS","NPT","A80","BSAI",8648,126,164,169,"PROHIBITED SPECIES/MARINE MAMMALS/SEABIRDS","PROHIBITED SPECIES MISHANDLING",7.62889040783778,92.9695602642971,0,0.000882156615152379,0.0107504116864358,0.882156615152379,10.7504116864358,0.0793940953637141,0.967537051779225,0.0605467492685538,0.737853652891247,0.0465176244380352,0.566887562587177,0.0451413633599868,0.550115741208859
"79",2023,"FULL","CP/MS","NPT","A80","BSAI",8648,126,164,169,"PROHIBITED SPECIES/MARINE MAMMALS/SEABIRDS","PROHIBITED SPECIES RETENTION",1,1,0,0.000115633672525439,0.000115633672525439,0.115633672525439,0.115633672525439,0.0104070305272895,0.0104070305272895,0.00793650793650794,0.00793650793650794,0.00609756097560976,0.00609756097560976,0.00591715976331361,0.00591715976331361
"80",2023,"FULL","CP/MS","NPT","A80","BSAI",8648,126,164,169,"SAFETY-USCG-EQUIPMENT","GENERAL SAFETY EQUIPMENT",1,86,0,0.000115633672525439,0.00994449583718779,0.115633672525439,9.94449583718779,0.0104070305272895,0.895004625346901,0.00793650793650794,0.682539682539683,0.00609756097560976,0.524390243902439,0.00591715976331361,0.50887573964497
"81",2023,"FULL","CP/MS","NPT","A80","BSAI",8648,126,164,169,"SAFETY-USCG-EQUIPMENT","SURVIVAL CRAFT",1,1,0,0.000115633672525439,0.000115633672525439,0.115633672525439,0.115633672525439,0.0104070305272895,0.0104070305272895,0.00793650793650794,0.00793650793650794,0.00609756097560976,0.00609756097560976,0.00591715976331361,0.00591715976331361
"82",2023,"FULL","CP/MS","NPT","A80","BSAI",8648,126,164,169,"SAFETY-USCG-FAIL TO CONDUCT DRILLS AND/OR SAFETY ORIENTATION","FAILURE TO CONDUCT DRILLS",4.24460218870157,252.530316474416,0,0.00049081893948908,0.0292010079179482,0.49081893948908,29.2010079179482,0.0441737045540172,2.62809071261534,0.033687318957949,2.00420886090806,0.0258817206628144,1.53981900289278,0.0251159892822578,1.49426222765927
"83",2023,"FULL","CP/MS","NPT","A80","BSAI",8648,126,164,169,"SAFETY-USCG-MARINE CASUALTY","MARINE CASUALTY",21.0622495640939,37.6163755623193,0,0.00243550526874352,0.00434971965336717,2.43550526874352,4.34971965336717,0.219195474186916,0.391474768803045,0.167160710826142,0.29854266319301,0.128428351000573,0.229368143672679,0.124628695645526,0.222582103919049
"84",2023,"FULL","CP/MS","NPT","A80","GOA",2,2,2,2,NA,NA,NA,NA,1,NA,NA,NA,NA,NA,NA,NA,NA,NA,NA,NA,NA
"85",2023,"FULL","CP/MS","NPT","CDQ","BSAI",1256,73,82,85,"CONTRACTOR REQUIREMENTS","DEPLOYMENT LOGISTICS",0.0549450549450549,4.72527472527473,0,4.37460628543431e-05,0.00376216140547351,0.0437460628543431,3.76216140547351,0.00393714565689088,0.338594526492616,0.000752671985548698,0.064729790757188,0.000670061645671402,0.0576253015277406,0.000646412411118293,0.0555914673561732
"86",2023,"FULL","CP/MS","NPT","CDQ","BSAI",1256,73,82,85,"GEAR/EQUIPMENT REQUIREMENTS","OBSERVER SAMPLING STATION",2.24828327130959,43.797246588694,0,0.00179003445167961,0.0348704192585143,1.79003445167961,34.8704192585143,0.161103100651165,3.13833773326629,0.0307984009768437,0.599962282036903,0.0274180886745072,0.534112763276756,0.0264503914271716,0.51526172457287
"87",2023,"FULL","CP/MS","NPT","CDQ","BSAI",1256,73,82,85,"GEAR/EQUIPMENT REQUIREMENTS","SCALES",0.474582560296846,0.576623376623377,0,0.00037785235692424,0.000459095045082306,0.37785235692424,0.459095045082306,0.0340067121231816,0.0413185540574076,0.00650113096297049,0.00789895036470379,0.00578759219874202,0.00703199239784606,0.00558332423878642,0.00678380443086325
"88",2023,"FULL","CP/MS","NPT","CDQ","BSAI",1256,73,82,85,"GEAR/EQUIPMENT REQUIREMENTS","VIDEO MONITORING SYSTEM",0.423788581967047,6.26159063426761,0,0.000337411291375037,0.00498534286167803,0.337411291375037,4.98534286167803,0.0303670162237534,0.448680857551023,0.00580532304064448,0.0857752141680495,0.00516815343862252,0.0763608613935074,0.00498574802314173,0.0736657721678542
"89",2023,"FULL","CP/MS","NPT","CDQ","BSAI",1256,73,82,85,"INTERFERENCE WITH DUTIES","NOTIFICATION",0.736842105263158,1.47368421052632,0,0.000586657727120349,0.0011733154542407,0.586657727120349,1.1733154542407,0.0527991954408314,0.105598390881663,0.0100937274693583,0.0201874549387167,0.00898587933247754,0.0179717586649551,0.0086687306501548,0.0173374613003096
"90",2023,"FULL","CP/MS","NPT","CDQ","BSAI",1256,73,82,85,"INTERFERENCE WITH DUTIES","SAMPLING INTERFERENCE",0.1875,0.375,0,0.000149283439490446,0.000298566878980892,0.149283439490446,0.298566878980892,0.0134355095541401,0.0268710191082803,0.00256849315068493,0.00513698630136986,0.00228658536585366,0.00457317073170732,0.00220588235294118,0.00441176470588235
"91",2023,"FULL","CP/MS","NPT","CDQ","BSAI",1256,73,82,85,"MARPOL/OIL SPILL","DISCHARGE OF GARBAGE OR PLASTIC, OR LOSS OF FISHING GEAR",0.087719298245614,1.49122807017544,0,6.98402056095653e-05,0.00118728349536261,0.0698402056095653,1.18728349536261,0.00628561850486088,0.106855514582635,0.00120163422254266,0.0204277817832252,0.00106974753958066,0.0181857081728712,0.00103199174406605,0.0175438596491228
"92",2023,"FULL","CP/MS","NPT","CDQ","BSAI",1256,73,82,85,"OBSERVER SAFETY AND WORK ENVIRONMENT","ASSAULT",0.203703703703704,0.203703703703704,0,0.000162184477471102,0.000162184477471102,0.162184477471102,0.162184477471102,0.0145966029723992,0.0145966029723992,0.00279046169457128,0.00279046169457128,0.00248419150858175,0.00248419150858175,0.00239651416122004,0.00239651416122004
"93",2023,"FULL","CP/MS","NPT","CDQ","BSAI",1256,73,82,85,"OBSERVER SAFETY AND WORK ENVIRONMENT","HOSTILE WORK ENVIRONMENT",0.464822134387352,1.85928853754941,0,0.000370081317187382,0.00148032526874953,0.370081317187382,1.48032526874953,0.0333073185468644,0.133229274187458,0.00636742649845687,0.0254697059938275,0.0056685626144799,0.0226742504579196,0.00546849569867473,0.0218739827946989
"94",2023,"FULL","CP/MS","NPT","CDQ","BSAI",1256,73,82,85,"OBSERVER SAFETY AND WORK ENVIRONMENT","SAFETY",0.149122807017544,13.2719298245614,0,0.000118728349536261,0.0105668231087272,0.118728349536261,10.5668231087272,0.0106855514582635,0.951014079785451,0.00204277817832252,0.181807257870704,0.00181857081728712,0.161852802738554,0.00175438596491228,0.156140350877193
"95",2023,"FULL","CP/MS","NPT","CDQ","BSAI",1256,73,82,85,"OBSERVER SAFETY AND WORK ENVIRONMENT","SEXUAL HARASSMENT",0.217391304347826,0.217391304347826,0,0.000173082248684575,0.000173082248684575,0.173082248684575,0.173082248684575,0.0155774023816117,0.0155774023816117,0.00297796307325789,0.00297796307325789,0.00265111346765642,0.00265111346765642,0.00255754475703325,0.00255754475703325
"96",2023,"FULL","CP/MS","NPT","CDQ","BSAI",1256,73,82,85,"OPERATIONAL REQUIREMENTS","BELT AND FLOW OPERATIONS",0.0816326530612245,0.163265306122449,0,6.49941505264526e-05,0.000129988301052905,0.0649941505264526,0.129988301052905,0.00584947354738074,0.0116989470947615,0.00111825552138664,0.00223651104277327,0.000995520159283225,0.00199104031856645,0.000960384153661465,0.00192076830732293
"97",2023,"FULL","CP/MS","NPT","CDQ","BSAI",1256,73,82,85,"OPERATIONAL REQUIREMENTS","CATCH WEIGHING",0.115942028985507,0.927536231884058,0,9.23105326317733e-05,0.000738484261054186,0.0923105326317733,0.738484261054186,0.0083079479368596,0.0664635834948768,0.00158824697240421,0.0127059757792337,0.00141392718275009,0.0113114174620007,0.00136402387041773,0.0109121909633419
"98",2023,"FULL","CP/MS","NPT","CDQ","BSAI",1256,73,82,85,"PERMITS/DOCUMENTS/RECORD KEEPING AND REPORTING","GENERAL REPORTING REQUIREMENTS",1.04028413424867,2.92253051106026,0,0.000828251699242568,0.00232685550243651,0.828251699242568,2.32685550243651,0.0745426529318311,0.209416995219286,0.0142504675924475,0.040034664535072,0.0126863918810813,0.0356406159885398,0.0122386368735137,0.0343827118948266
"99",2023,"FULL","CP/MS","NPT","CDQ","BSAI",1256,73,82,85,"PROHIBITED SPECIES/MARINE MAMMALS/SEABIRDS","MARINE MAMMAL",0.972727272727273,2.33636363636364,0,0.000774464389114071,0.00186016213086277,0.774464389114071,1.86016213086277,0.0697017950202664,0.167414591777649,0.0133250311332503,0.0320049813200498,0.0118625277161863,0.0284922394678492,0.0114438502673797,0.0274866310160428
"100",2023,"FULL","CP/MS","NPT","CDQ","BSAI",1256,73,82,85,"PROHIBITED SPECIES/MARINE MAMMALS/SEABIRDS","PROHIBITED SPECIES MISHANDLING",0.586961722488038,2.75255753018911,0,0.000467326212172005,0.00219152669601044,0.467326212172005,2.19152669601044,0.0420593590954804,0.197237402640939,0.00804057154093203,0.0377062675368371,0.00715806978643949,0.0335677747584038,0.00690543202927104,0.0323830297669307
"101",2023,"FULL","CP/MS","NPT","CDQ","BSAI",1256,73,82,85,"SAFETY-USCG-FAIL TO CONDUCT DRILLS AND/OR SAFETY ORIENTATION","FAILURE TO CONDUCT DRILLS",0.299615498373262,15.7281869269447,0,0.000238547371316292,0.0125224418208158,0.238547371316292,12.5224418208158,0.0214692634184663,1.12701976387343,0.00410432189552414,0.215454615437599,0.00365384754113735,0.191807157645667,0.00352488821615603,0.185037493258173
"102",2023,"FULL","CP/MS","NPT","CDQ","BSAI",1256,73,82,85,"SAFETY-USCG-MARINE CASUALTY","MARINE CASUALTY",3.20423373784065,7.27752793846405,0,0.00255114151101963,0.00579421014208921,2.55114151101963,5.79421014208921,0.229602735991767,0.521478912788029,0.0438936128471323,0.0996921635406034,0.0390760211931787,0.0887503407129762,0.0376968675040077,0.0856179757466359
"103",2023,"FULL","CP/MS","NPT","OA","BSAI",1527,63,70,74,"CONTRACTOR REQUIREMENTS","DEPLOYMENT LOGISTICS",0.945054945054945,81.2747252747253,0,0.000618896493159754,0.0532250984117389,0.618896493159754,53.2250984117389,0.0557006843843779,4.7902588570565,0.0150008721437293,1.29007500436072,0.0135007849293564,1.16106750392465,0.0127710127710128,1.0983070983071
"104",2023,"FULL","CP/MS","NPT","OA","BSAI",1527,63,70,74,"GEAR/EQUIPMENT REQUIREMENTS","OBSERVER SAMPLING STATION",0.728923001949318,2.13243177387914,0,0.00047735625536956,0.00139648446226532,0.47735625536956,1.39648446226532,0.0429620629832604,0.125683601603879,0.0115702063801479,0.033848123394907,0.0104131857421331,0.0304633110554163,0.00985031083715294,0.0288166455929614
"105",2023,"FULL","CP/MS","NPT","OA","BSAI",1527,63,70,74,"GEAR/EQUIPMENT REQUIREMENTS","SCALES",0.122448979591837,0.183673469387755,0,8.0189246622028e-05,0.000120283869933042,0.080189246622028,0.120283869933042,0.00721703219598252,0.0108255482939738,0.00194363459669582,0.00291545189504373,0.00174927113702624,0.00262390670553936,0.00165471594043023,0.00248207391064534
"106",2023,"FULL","CP/MS","NPT","OA","BSAI",1527,63,70,74,"GEAR/EQUIPMENT REQUIREMENTS","VIDEO MONITORING SYSTEM",0.556755770828689,21.5117375649366,0,0.000364607577490955,0.0140875819023815,0.364607577490955,14.0875819023815,0.032814681974186,1.26788237121434,0.00883739318775697,0.34145615182439,0.00795365386898127,0.307310536641951,0.00752372663282012,0.290699156282927
"107",2023,"FULL","CP/MS","NPT","OA","BSAI",1527,63,70,74,"INTERFERENCE WITH DUTIES","NOTIFICATION",0.263157894736842,0.526315789473684,0,0.000172336538792955,0.00034467307758591,0.172336538792955,0.34467307758591,0.0155102884913659,0.0310205769827319,0.00417710944026733,0.00835421888053467,0.0037593984962406,0.0075187969924812,0.00355618776671408,0.00711237553342816
"108",2023,"FULL","CP/MS","NPT","OA","BSAI",1527,63,70,74,"INTERFERENCE WITH DUTIES","SAMPLING INTERFERENCE",0.270833333333333,0.541666666666667,0,0.000177363021174416,0.000354726042348832,0.177363021174416,0.354726042348832,0.0159626719056974,0.0319253438113949,0.0042989417989418,0.0085978835978836,0.00386904761904762,0.00773809523809524,0.00365990990990991,0.00731981981981982
"109",2023,"FULL","CP/MS","NPT","OA","BSAI",1527,63,70,74,"MARPOL/OIL SPILL","DISCHARGE OF GARBAGE OR PLASTIC, OR LOSS OF FISHING GEAR",0.087719298245614,1.49122807017544,0,5.7445512930985e-05,0.000976573719826744,0.057445512930985,0.976573719826744,0.00517009616378865,0.087891634784407,0.00139236981342244,0.0236702868281816,0.0012531328320802,0.0213032581453634,0.00118539592223803,0.0201517306780465
"110",2023,"FULL","CP/MS","NPT","OA","BSAI",1527,63,70,74,"OBSERVER SAFETY AND WORK ENVIRONMENT","ASSAULT",0.314814814814815,0.314814814814815,0,0.000206165563074535,0.000206165563074535,0.206165563074535,0.206165563074535,0.0185549006767081,0.0185549006767081,0.00499706055261611,0.00499706055261611,0.0044973544973545,0.0044973544973545,0.00425425425425425,0.00425425425425425
"111",2023,"FULL","CP/MS","NPT","OA","BSAI",1527,63,70,74,"OBSERVER SAFETY AND WORK ENVIRONMENT","SAFETY",0.0964912280701754,8.58771929824561,0,6.31900642240835e-05,0.00562391571594343,0.0631900642240835,5.62391571594343,0.00568710578016751,0.506152414434908,0.00153160679476469,0.136313004734057,0.00137844611528822,0.122681704260652,0.00130393551446183,0.116050260787103
"112",2023,"FULL","CP/MS","NPT","OA","BSAI",1527,63,70,74,"OPERATIONAL REQUIREMENTS","BELT AND FLOW OPERATIONS",0.0612244897959184,0.122448979591837,0,4.0094623311014e-05,8.0189246622028e-05,0.040094623311014,0.080189246622028,0.00360851609799126,0.00721703219598252,0.000971817298347911,0.00194363459669582,0.00087463556851312,0.00174927113702624,0.000827357970215113,0.00165471594043023
"113",2023,"FULL","CP/MS","NPT","OA","BSAI",1527,63,70,74,"OPERATIONAL REQUIREMENTS","CATCH WEIGHING",0.666666666666667,3.33333333333333,0,0.000436585898275486,0.00218292949137743,0.436585898275486,2.18292949137743,0.0392927308447937,0.196463654223969,0.0105820105820106,0.0529100529100529,0.00952380952380952,0.0476190476190476,0.00900900900900901,0.045045045045045
"114",2023,"FULL","CP/MS","NPT","OA","BSAI",1527,63,70,74,"PERMITS/DOCUMENTS/RECORD KEEPING AND REPORTING","GENERAL REPORTING REQUIREMENTS",0.942796259516716,5.81779625951672,0,0.00061741732777781,0.0038099517089173,0.61741732777781,3.8099517089173,0.0555675595000029,0.342895653802557,0.0149650199923288,0.0923459723732812,0.0134685179930959,0.0831113751359531,0.0127404899934691,0.0786188683718475
"115",2023,"FULL","CP/MS","NPT","OA","BSAI",1527,63,70,74,"PROHIBITED SPECIES/MARINE MAMMALS/SEABIRDS","MARINE MAMMAL",0.318181818181818,0.954545454545455,0,0.000208370542358755,0.000625111627076264,0.208370542358755,0.625111627076264,0.0187533488122879,0.0562600464368637,0.00505050505050505,0.0151515151515152,0.00454545454545455,0.0136363636363636,0.0042997542997543,0.0128992628992629
"116",2023,"FULL","CP/MS","NPT","OA","BSAI",1527,63,70,74,"PROHIBITED SPECIES/MARINE MAMMALS/SEABIRDS","PROHIBITED SPECIES MISHANDLING",1.23057644110276,4.72431077694236,0,0.000805878481403246,0.0030938511964259,0.805878481403246,3.0938511964259,0.0725290633262922,0.278446607678331,0.0195329593825834,0.074989059951466,0.0175796634443251,0.0674901539563194,0.0166294113662535,0.063842037526248
"117",2023,"FULL","CP/MS","NPT","OA","BSAI",1527,63,70,74,"SAFETY-USCG-FAIL TO CONDUCT DRILLS AND/OR SAFETY ORIENTATION","FAILURE TO CONDUCT DRILLS",0.45578231292517,10.7414965986395,0,0.000298482195759771,0.00703437891201012,0.298482195759771,7.03437891201012,0.0268633976183794,0.633094102080911,0.00723463988770111,0.17049994601015,0.006511175898931,0.153449951409135,0.00615922044493473,0.145155359441074
"118",2023,"FULL","CP/MS","NPT","OA","BSAI",1527,63,70,74,"SAFETY-USCG-MARINE CASUALTY","MARINE CASUALTY",3.99266928383091,7.36524908498214,0,0.00261471465869739,0.00482334583168444,2.61471465869739,4.82334583168444,0.235324319282765,0.4341011248516,0.063375702917951,0.116908715634637,0.0570381326261559,0.105217844071173,0.0539549903220394,0.0995303930402992
"119",2023,"FULL","CP/MS","NPT","OA","GOA",383,23,23,23,"GEAR/EQUIPMENT REQUIREMENTS","SCALES",0.598432781422472,0.87621055920025,0,0.00156248767995424,0.00228775602924347,1.56248767995424,2.28775602924347,0.140623891195881,0.205898042631913,0.0260188165835857,0.0380961112695761,0.0260188165835857,0.0380961112695761,0.0260188165835857,0.0380961112695761
"120",2023,"FULL","CP/MS","NPT","OA","GOA",383,23,23,23,"GEAR/EQUIPMENT REQUIREMENTS","VIDEO MONITORING SYSTEM",0.371120107962213,12.7422402159244,0,0.000968982005123272,0.0332695566995416,0.968982005123272,33.2695566995416,0.0872083804610945,2.99426010295874,0.0161356568679223,0.554010444170627,0.0161356568679223,0.554010444170627,0.0161356568679223,0.554010444170627
"121",2023,"FULL","CP/MS","NPT","OA","GOA",383,23,23,23,"OBSERVER SAFETY AND WORK ENVIRONMENT","HOSTILE WORK ENVIRONMENT",0.279156327543424,0.90818858560794,0,0.000728867695935834,0.00237124957077791,0.728867695935834,2.37124957077791,0.065598092634225,0.213412461370012,0.0121372316323228,0.0394864602438235,0.0121372316323228,0.0394864602438235,0.0121372316323228,0.0394864602438235
"122",2023,"FULL","CP/MS","NPT","OA","GOA",383,23,23,23,"OBSERVER SAFETY AND WORK ENVIRONMENT","INTIMIDATION/BRIBERY/COERCION",0.247422680412371,0.247422680412371,0,0.000646012220397836,0.000646012220397836,0.646012220397836,0.646012220397836,0.0581410998358052,0.0581410998358052,0.0107575078440161,0.0107575078440161,0.0107575078440161,0.0107575078440161,0.0107575078440161,0.0107575078440161
"123",2023,"FULL","CP/MS","NPT","OA","GOA",383,23,23,23,"OBSERVER SAFETY AND WORK ENVIRONMENT","SAFETY",0.140350877192982,12.4912280701754,0,0.000366451376482983,0.0326141725069855,0.366451376482983,32.6141725069855,0.0329806238834685,2.93527552562869,0.0061022120518688,0.543096872616323,0.0061022120518688,0.543096872616323,0.0061022120518688,0.543096872616323
"124",2023,"FULL","CP/MS","NPT","OA","GOA",383,23,23,23,"OBSERVER SAFETY AND WORK ENVIRONMENT","SEXUAL HARASSMENT",0.0483870967741935,0.338709677419355,0,0.000126337067295545,0.000884359471068811,0.126337067295545,0.884359471068812,0.011370336056599,0.079592352396193,0.00210378681626928,0.014726507713885,0.00210378681626928,0.014726507713885,0.00210378681626928,0.014726507713885
"125",2023,"FULL","CP/MS","NPT","OA","GOA",383,23,23,23,"OPERATIONAL REQUIREMENTS","BELT AND FLOW OPERATIONS",0.180555555555556,2.70833333333333,0,0.000471424427038004,0.00707136640557006,0.471424427038004,7.07136640557006,0.0424281984334204,0.636422976501306,0.00785024154589372,0.117753623188406,0.00785024154589372,0.117753623188406,0.00785024154589372,0.117753623188406
"126",2023,"FULL","CP/MS","NPT","OA","GOA",383,23,23,23,"OPERATIONAL REQUIREMENTS","OPERATIONAL LINE",0.180555555555556,0.361111111111111,0,0.000471424427038004,0.000942848854076008,0.471424427038004,0.942848854076008,0.0424281984334204,0.0848563968668407,0.00785024154589372,0.0157004830917874,0.00785024154589372,0.0157004830917874,0.00785024154589372,0.0157004830917874
"127",2023,"FULL","CP/MS","NPT","OA","GOA",383,23,23,23,"PROHIBITED SPECIES/MARINE MAMMALS/SEABIRDS","MARINE MAMMAL",0.138888888888889,0.138888888888889,0,0.000362634174644619,0.000362634174644619,0.362634174644619,0.362634174644619,0.0326370757180157,0.0326370757180157,0.00603864734299517,0.00603864734299517,0.00603864734299517,0.00603864734299517,0.00603864734299517,0.00603864734299517
"128",2023,"FULL","CP/MS","NPT","OA","GOA",383,23,23,23,"PROHIBITED SPECIES/MARINE MAMMALS/SEABIRDS","PROHIBITED SPECIES MISHANDLING",0.553571428571429,0.553571428571429,0,0.00144535621036927,0.00144535621036927,1.44535621036927,1.44535621036927,0.130082058933234,0.130082058933234,0.0240683229813665,0.0240683229813665,0.0240683229813665,0.0240683229813665,0.0240683229813665,0.0240683229813665
"129",2023,"FULL","CP/MS","NPT","OA","GOA",383,23,23,23,"SAFETY-USCG-MARINE CASUALTY","MARINE CASUALTY",1.13352418191128,1.31407973746683,0,0.00295959316425921,0.00343101759129722,2.95959316425921,3.43101759129722,0.266363384783329,0.30879158321675,0.0492836600830991,0.0571339016289928,0.0492836600830991,0.0571339016289928,0.0492836600830991,0.0571339016289928
"130",2023,"FULL","CP/MS","NPT","RPP","GOA",410,15,16,16,"GEAR/EQUIPMENT REQUIREMENTS","SCALES",1.00437363323961,1.00437363323961,0,0.0024496917883893,0.0024496917883893,2.4496917883893,2.4496917883893,0.220472260955037,0.220472260955037,0.0669582422159742,0.0669582422159742,0.0627733520774758,0.0627733520774758,0.0627733520774758,0.0627733520774758
"131",2023,"FULL","CP/MS","NPT","RPP","GOA",410,15,16,16,"GEAR/EQUIPMENT REQUIREMENTS","VIDEO MONITORING SYSTEM",0.553846153846154,29.9076923076923,0,0.00135084427767355,0.0729455909943715,1.35084427767355,72.9455909943715,0.121575984990619,6.56510318949343,0.0369230769230769,1.99384615384615,0.0346153846153846,1.86923076923077,0.0346153846153846,1.86923076923077
"132",2023,"FULL","CP/MS","NPT","RPP","GOA",410,15,16,16,"OBSERVER SAFETY AND WORK ENVIRONMENT","HOSTILE WORK ENVIRONMENT",0.553846153846154,0.553846153846154,0,0.00135084427767355,0.00135084427767355,1.35084427767355,1.35084427767355,0.121575984990619,0.121575984990619,0.0369230769230769,0.0369230769230769,0.0346153846153846,0.0346153846153846,0.0346153846153846,0.0346153846153846
"133",2023,"FULL","CP/MS","NPT","RPP","GOA",410,15,16,16,"OBSERVER SAFETY AND WORK ENVIRONMENT","INTIMIDATION/BRIBERY/COERCION",0.216494845360825,0.216494845360825,0,0.000528036208197134,0.000528036208197134,0.528036208197133,0.528036208197133,0.047523258737742,0.047523258737742,0.0144329896907217,0.0144329896907217,0.0135309278350515,0.0135309278350515,0.0135309278350515,0.0135309278350515
"134",2023,"FULL","CP/MS","NPT","RPP","GOA",410,15,16,16,"OPERATIONAL REQUIREMENTS","BELT AND FLOW OPERATIONS",0.819444444444444,12.2916666666667,0,0.00199864498644986,0.029979674796748,1.99864498644986,29.979674796748,0.179878048780488,2.69817073170732,0.0546296296296296,0.819444444444444,0.0512152777777778,0.768229166666667,0.0512152777777778,0.768229166666667
"135",2023,"FULL","CP/MS","NPT","RPP","GOA",410,15,16,16,"OPERATIONAL REQUIREMENTS","OPERATIONAL LINE",0.819444444444444,1.63888888888889,0,0.00199864498644986,0.00399728997289973,1.99864498644986,3.99728997289973,0.179878048780488,0.359756097560976,0.0546296296296296,0.109259259259259,0.0512152777777778,0.102430555555556,0.0512152777777778,0.102430555555556
"136",2023,"FULL","CP/MS","NPT","RPP","GOA",410,15,16,16,"SAFETY-USCG-MARINE CASUALTY","MARINE CASUALTY",1.60732323232323,2.42676767676768,0,0.00392030056664203,0.00591894555309189,3.92030056664203,5.91894555309189,0.352827050997783,0.53270509977827,0.107154882154882,0.161784511784512,0.100457702020202,0.15167297979798,0.100457702020202,0.15167297979798
"137",2023,"FULL","CP/MS","POT","CDQ","BSAI",246,10,10,10,"MARPOL/OIL SPILL","DISCHARGE OF GARBAGE OR PLASTIC, OR LOSS OF FISHING GEAR",1,2,0,0.0040650406504065,0.00813008130081301,4.0650406504065,8.13008130081301,0.365853658536585,0.731707317073171,0.1,0.2,0.1,0.2,0.1,0.2
"138",2023,"FULL","CP/MS","POT","CDQ","BSAI",246,10,10,10,"OPERATIONAL REQUIREMENTS","CATCH WEIGHING",1,122,0,0.0040650406504065,0.495934959349593,4.0650406504065,495.934959349593,0.365853658536585,44.6341463414634,0.1,12.2,0.1,12.2,0.1,12.2
"139",2023,"FULL","CP/MS","POT","CDQ","BSAI",246,10,10,10,"PERMITS/DOCUMENTS/RECORD KEEPING AND REPORTING","GENERAL REPORTING REQUIREMENTS",1,3,0,0.0040650406504065,0.0121951219512195,4.0650406504065,12.1951219512195,0.365853658536585,1.09756097560976,0.1,0.3,0.1,0.3,0.1,0.3
"140",2023,"FULL","CP/MS","POT","CDQ","BSAI",246,10,10,10,"SAFETY-USCG-MARINE CASUALTY","MARINE CASUALTY",0.0909090909090909,0.0909090909090909,0,0.000369549150036955,0.000369549150036955,0.369549150036955,0.369549150036955,0.0332594235033259,0.0332594235033259,0.00909090909090909,0.00909090909090909,0.00909090909090909,0.00909090909090909,0.00909090909090909,0.00909090909090909
"141",2023,"FULL","CP/MS","POT","CDQ","BSAI",246,10,10,10,"SUSTAINABLE FISHERIES","UNLAWFUL DISCARD",0.455555555555556,2.27777777777778,0,0.00185185185185185,0.00925925925925926,1.85185185185185,9.25925925925926,0.166666666666667,0.833333333333333,0.0455555555555556,0.227777777777778,0.0455555555555556,0.227777777777778,0.0455555555555556,0.227777777777778
"142",2023,"FULL","CP/MS","POT","IFQ","BSAI",166,7,7,7,"GEAR/EQUIPMENT REQUIREMENTS","OBSERVER SAMPLING STATION",0.611111111111111,0.611111111111111,0,0.0036813922356091,0.0036813922356091,3.6813922356091,3.6813922356091,0.331325301204819,0.331325301204819,0.0873015873015873,0.0873015873015873,0.0873015873015873,0.0873015873015873,0.0873015873015873,0.0873015873015873
"143",2023,"FULL","CP/MS","POT","IFQ","BSAI",166,7,7,7,"INTERFERENCE WITH DUTIES","REASONABLE ASSISTANCE",0.611111111111111,3.66666666666667,0,0.0036813922356091,0.0220883534136546,3.6813922356091,22.0883534136546,0.331325301204819,1.98795180722892,0.0873015873015873,0.523809523809524,0.0873015873015873,0.523809523809524,0.0873015873015873,0.523809523809524
"144",2023,"FULL","CP/MS","POT","IFQ","BSAI",166,7,7,7,"SAFETY-USCG-MARINE CASUALTY","MARINE CASUALTY",0.582792207792208,0.582792207792208,0,0.00351079643248318,0.00351079643248318,3.51079643248318,3.51079643248318,0.315971678923486,0.315971678923486,0.0832560296846011,0.0832560296846011,0.0832560296846011,0.0832560296846011,0.0832560296846011,0.0832560296846011
"145",2023,"FULL","CP/MS","POT","IFQ","BSAI",166,7,7,7,"SUSTAINABLE FISHERIES","UNLAWFUL DISCARD",0.144444444444444,0.722222222222222,0,0.000870147255689424,0.00435073627844712,0.870147255689424,4.35073627844712,0.0783132530120482,0.391566265060241,0.0206349206349206,0.103174603174603,0.0206349206349206,0.103174603174603,0.0206349206349206,0.103174603174603
"146",2023,"FULL","CP/MS","POT","IFQ","GOA",114,3,3,3,"SAFETY-USCG-MARINE CASUALTY","MARINE CASUALTY",0.25974025974026,0.25974025974026,0,0.00227842333105491,0.00227842333105491,2.27842333105491,2.27842333105491,0.205058099794942,0.205058099794942,0.0865800865800866,0.0865800865800866,0.0865800865800866,0.0865800865800866,0.0865800865800866,0.0865800865800866
"147",2023,"FULL","CP/MS","POT","OA","BSAI",156,7,7,7,"INTERFERENCE WITH DUTIES","SAMPLING INTERFERENCE",1,2,0,0.00641025641025641,0.0128205128205128,6.41025641025641,12.8205128205128,0.576923076923077,1.15384615384615,0.142857142857143,0.285714285714286,0.142857142857143,0.285714285714286,0.142857142857143,0.285714285714286
"148",2023,"FULL","CP/MS","POT","OA","BSAI",156,7,7,7,"MARPOL/OIL SPILL","DISCHARGE OF GARBAGE OR PLASTIC, OR LOSS OF FISHING GEAR",1,1,0,0.00641025641025641,0.00641025641025641,6.41025641025641,6.41025641025641,0.576923076923077,0.576923076923077,0.142857142857143,0.142857142857143,0.142857142857143,0.142857142857143,0.142857142857143,0.142857142857143
"149",2023,"FULL","CP/MS","POT","OA","BSAI",156,7,7,7,"SAFETY-USCG-MARINE CASUALTY","MARINE CASUALTY",2.62337662337662,3.62337662337662,0,0.0168165168165168,0.0232267732267732,16.8165168165168,23.2267732267732,1.51348651348651,2.09040959040959,0.374768089053803,0.517625231910946,0.374768089053803,0.517625231910946,0.374768089053803,0.517625231910946
"150",2023,"FULL","CP/MS","PTR","AFA","BSAI",4119,70,77,77,"CONTRACTOR REQUIREMENTS","DEPLOYMENT LOGISTICS",1.45544554455446,69.3960396039604,0,0.000353349246068088,0.0168477882019812,0.353349246068088,16.8477882019812,0.0318014321461279,1.5163009381783,0.0207920792079208,0.991371994342291,0.0189018901890189,0.901247267583901,0.0189018901890189,0.901247267583901
"151",2023,"FULL","CP/MS","PTR","AFA","BSAI",4119,70,77,77,"GEAR/EQUIPMENT REQUIREMENTS","SCALES",1.64347826086957,6.86086956521739,0,0.000398999335001108,0.00166566389056018,0.398999335001108,1.66566389056018,0.0359099401500997,0.149909750150416,0.0234782608695652,0.0980124223602484,0.0213438735177866,0.0891022021456804,0.0213438735177866,0.0891022021456804
"152",2023,"FULL","CP/MS","PTR","AFA","BSAI",4119,70,77,77,"GEAR/EQUIPMENT REQUIREMENTS","VIDEO MONITORING SYSTEM",2.01488136756679,2.01488136756679,0,0.000489167605624372,0.000489167605624372,0.489167605624372,0.489167605624372,0.0440250845061935,0.0440250845061935,0.0287840195366684,0.0287840195366684,0.0261672904878804,0.0261672904878804,0.0261672904878804,0.0261672904878804
"153",2023,"FULL","CP/MS","PTR","AFA","BSAI",4119,70,77,77,"INTERFERENCE WITH DUTIES","REASONABLE ASSISTANCE",1.92682926829268,5.78048780487805,0,0.000467790548262365,0.0014033716447871,0.467790548262365,1.4033716447871,0.0421011493436129,0.126303448030839,0.0275261324041812,0.0825783972125436,0.0250237567310738,0.0750712701932214,0.0250237567310738,0.0750712701932214
"154",2023,"FULL","CP/MS","PTR","AFA","BSAI",4119,70,77,77,"MARPOL/OIL SPILL","DISCHARGE OF GARBAGE OR PLASTIC, OR LOSS OF FISHING GEAR",1,1,0,0.000242777373148823,0.000242777373148823,0.242777373148823,0.242777373148823,0.021849963583394,0.021849963583394,0.0142857142857143,0.0142857142857143,0.012987012987013,0.012987012987013,0.012987012987013,0.012987012987013
"155",2023,"FULL","CP/MS","PTR","AFA","BSAI",4119,70,77,77,"MARPOL/OIL SPILL","DISCHARGE OF OIL",1,1,0,0.000242777373148823,0.000242777373148823,0.242777373148823,0.242777373148823,0.021849963583394,0.021849963583394,0.0142857142857143,0.0142857142857143,0.012987012987013,0.012987012987013,0.012987012987013,0.012987012987013
"156",2023,"FULL","CP/MS","PTR","AFA","BSAI",4119,70,77,77,"OBSERVER SAFETY AND WORK ENVIRONMENT","HOSTILE WORK ENVIRONMENT",1,14,0,0.000242777373148823,0.00339888322408352,0.242777373148823,3.39888322408352,0.021849963583394,0.305899490167516,0.0142857142857143,0.2,0.012987012987013,0.181818181818182,0.012987012987013,0.181818181818182
"157",2023,"FULL","CP/MS","PTR","AFA","BSAI",4119,70,77,77,"OBSERVER SAFETY AND WORK ENVIRONMENT","IMPEDIMENT",1.4116906886296,7.72969572180279,0,0.000342726557084148,0.00187659522257897,0.342726557084148,1.87659522257897,0.0308453901375733,0.168893570032108,0.0201670098375658,0.110424224597183,0.018333645306878,0.100385658724712,0.018333645306878,0.100385658724712
"158",2023,"FULL","CP/MS","PTR","AFA","BSAI",4119,70,77,77,"OBSERVER SAFETY AND WORK ENVIRONMENT","SEXUAL HARASSMENT",1,13,0,0.000242777373148823,0.00315610585093469,0.242777373148823,3.15610585093469,0.021849963583394,0.284049526584122,0.0142857142857143,0.185714285714286,0.012987012987013,0.168831168831169,0.012987012987013,0.168831168831169
"159",2023,"FULL","CP/MS","PTR","AFA","BSAI",4119,70,77,77,"OPERATIONAL REQUIREMENTS","CATCH WEIGHING",3.7801963294921,407.560392658984,0,0.000917746134860914,0.0989464415292508,0.917746134860914,98.9464415292508,0.0825971521374822,8.90517973763258,0.0540028047070301,5.82229132369977,0.0490934588245728,5.29299211245434,0.0490934588245728,5.29299211245434
"160",2023,"FULL","CP/MS","PTR","AFA","BSAI",4119,70,77,77,"OPERATIONAL REQUIREMENTS","OBSERVER COVERAGE",2,123,0,0.000485554746297645,0.0298616168973052,0.485554746297645,29.8616168973052,0.0436999271667881,2.68754552075747,0.0285714285714286,1.75714285714286,0.025974025974026,1.5974025974026,0.025974025974026,1.5974025974026
"161",2023,"FULL","CP/MS","PTR","AFA","BSAI",4119,70,77,77,"OPERATIONAL REQUIREMENTS","TIMELY NOTIFICATION",0.696078431372549,1.3921568627451,0,0.00016899209307418,0.000337984186148361,0.16899209307418,0.337984186148361,0.0152092883766762,0.0304185767533525,0.00994397759103641,0.0198879551820728,0.00903997962821492,0.0180799592564298,0.00903997962821492,0.0180799592564298
"162",2023,"FULL","CP/MS","PTR","AFA","BSAI",4119,70,77,77,"PERMITS/DOCUMENTS/RECORD KEEPING AND REPORTING","GENERAL REPORTING REQUIREMENTS",2.4116906886296,102.108899565317,0,0.00058550393023297,0.0247897304115846,0.58550393023297,24.7897304115846,0.0526953537209673,2.23107573704261,0.0344527241232801,1.45869856521881,0.031320658293891,1.32608960474437,0.031320658293891,1.32608960474437
"163",2023,"FULL","CP/MS","PTR","AFA","BSAI",4119,70,77,77,"PROHIBITED SPECIES/MARINE MAMMALS/SEABIRDS","BSAI SALMON BYCATCH",8.93195854080193,207.866056755066,0,0.00216847743161008,0.0504651752257991,2.16847743161008,50.4651752257991,0.195162968844907,4.54186577032192,0.127599407725742,2.96951509650095,0.115999461568856,2.69955917863723,0.115999461568856,2.69955917863723
"164",2023,"FULL","CP/MS","PTR","AFA","BSAI",4119,70,77,77,"PROHIBITED SPECIES/MARINE MAMMALS/SEABIRDS","PROHIBITED SPECIES MISHANDLING",2,22,0,0.000485554746297645,0.0053411022092741,0.485554746297645,5.3411022092741,0.0436999271667881,0.480699198834669,0.0285714285714286,0.314285714285714,0.025974025974026,0.285714285714286,0.025974025974026,0.285714285714286
"165",2023,"FULL","CP/MS","PTR","AFA","BSAI",4119,70,77,77,"SAFETY-USCG-EQUIPMENT","GENERAL SAFETY EQUIPMENT",1,11,0,0.000242777373148823,0.00267055110463705,0.242777373148823,2.67055110463705,0.021849963583394,0.240349599417334,0.0142857142857143,0.157142857142857,0.012987012987013,0.142857142857143,0.012987012987013,0.142857142857143
"166",2023,"FULL","CP/MS","PTR","AFA","BSAI",4119,70,77,77,"SAFETY-USCG-FAIL TO CONDUCT DRILLS AND/OR SAFETY ORIENTATION","FAILURE TO CONDUCT DRILLS",2.76276541562482,51.2079701310803,0,0.00067073693023181,0.012432136472707,0.67073693023181,12.432136472707,0.0603663237208629,1.11889228254363,0.0394680773660689,0.731542430444004,0.0358800703327899,0.665038573130912,0.0358800703327899,0.665038573130912
"167",2023,"FULL","CP/MS","PTR","AFA","BSAI",4119,70,77,77,"SAFETY-USCG-MARINE CASUALTY","MARINE CASUALTY",7.70927976947643,11.2315858779184,0,0.00187163869130285,0.00272677491573645,1.87163869130285,2.72677491573645,0.168447482217256,0.245409742416281,0.110132568135378,0.160451226827406,0.100120516486707,0.145864751661278,0.100120516486707,0.145864751661278
"168",2023,"FULL","CP/MS","PTR","CDQ","BSAI",1093,44,48,48,"CONTRACTOR REQUIREMENTS","DEPLOYMENT LOGISTICS",0.544554455445545,26.6039603960396,0,0.000498219995833069,0.0243403114327901,0.498219995833069,24.3403114327901,0.0448397996249762,2.19062802895111,0.0123762376237624,0.604635463546355,0.0113448844884488,0.554249174917492,0.0113448844884488,0.554249174917492
"169",2023,"FULL","CP/MS","PTR","CDQ","BSAI",1093,44,48,48,"GEAR/EQUIPMENT REQUIREMENTS","SCALES",0.356521739130435,2.13913043478261,0,0.000326186403596006,0.00195711842157604,0.326186403596006,1.95711842157604,0.0293567763236406,0.176140657941843,0.00810276679841897,0.0486166007905138,0.00742753623188406,0.0445652173913043,0.00742753623188406,0.0445652173913043
"170",2023,"FULL","CP/MS","PTR","CDQ","BSAI",1093,44,48,48,"GEAR/EQUIPMENT REQUIREMENTS","VIDEO MONITORING SYSTEM",0.98511863243321,0.98511863243321,0,0.000901297925373477,0.000901297925373477,0.901297925373477,0.901297925373477,0.0811168132836129,0.0811168132836129,0.0223890598280275,0.0223890598280275,0.0205233048423586,0.0205233048423586,0.0205233048423586,0.0205233048423586
"171",2023,"FULL","CP/MS","PTR","CDQ","BSAI",1093,44,48,48,"INTERFERENCE WITH DUTIES","REASONABLE ASSISTANCE",0.0731707317073171,0.219512195121951,0,6.69448597505188e-05,0.000200834579251556,0.0669448597505188,0.200834579251556,0.00602503737754669,0.0180751121326401,0.0016629711751663,0.00498891352549889,0.00152439024390244,0.00457317073170732,0.00152439024390244,0.00457317073170732
"172",2023,"FULL","CP/MS","PTR","CDQ","BSAI",1093,44,48,48,"OBSERVER SAFETY AND WORK ENVIRONMENT","IMPEDIMENT",0.588309311370396,3.27030427819721,0,0.000538251885974745,0.00299204417035426,0.538251885974745,2.99204417035426,0.048442669737727,0.269283975331884,0.013370666167509,0.0743250972317547,0.0122564439868832,0.0681313391291085,0.0122564439868832,0.0681313391291085
"173",2023,"FULL","CP/MS","PTR","CDQ","BSAI",1093,44,48,48,"OPERATIONAL REQUIREMENTS","CATCH WEIGHING",0.219803670507896,0.439607341015792,0,0.000201101253895605,0.000402202507791209,0.201101253895605,0.402202507791209,0.0180991128506044,0.0361982257012088,0.00499553796608854,0.00999107593217708,0.00457924313558116,0.00915848627116233,0.00457924313558116,0.00915848627116233
"174",2023,"FULL","CP/MS","PTR","CDQ","BSAI",1093,44,48,48,"OPERATIONAL REQUIREMENTS","TIMELY NOTIFICATION",0.303921568627451,0.607843137254902,0,0.000278061819421273,0.000556123638842545,0.278061819421273,0.556123638842545,0.0250255637479145,0.0500511274958291,0.00690730837789661,0.0138146167557932,0.00633169934640523,0.0126633986928105,0.00633169934640523,0.0126633986928105
"175",2023,"FULL","CP/MS","PTR","CDQ","BSAI",1093,44,48,48,"PERMITS/DOCUMENTS/RECORD KEEPING AND REPORTING","GENERAL REPORTING REQUIREMENTS",0.588309311370396,41.8911004346831,0,0.000538251885974745,0.0383267158597284,0.538251885974745,38.3267158597284,0.048442669737727,3.44940442737556,0.013370666167509,0.952070464424617,0.0122564439868832,0.872731259055899,0.0122564439868832,0.872731259055899
"176",2023,"FULL","CP/MS","PTR","CDQ","BSAI",1093,44,48,48,"PROHIBITED SPECIES/MARINE MAMMALS/SEABIRDS","BSAI SALMON BYCATCH",2.06804145919807,82.1339432449336,0,0.0018920781877384,0.0751454192542851,1.8920781877384,75.1454192542851,0.170287036896456,6.76308773288566,0.0470009422545017,1.86668052829395,0.0430841970666265,1.71112381760278,0.0430841970666265,1.71112381760278
"177",2023,"FULL","CP/MS","PTR","CDQ","BSAI",1093,44,48,48,"SAFETY-USCG-FAIL TO CONDUCT DRILLS AND/OR SAFETY ORIENTATION","FAILURE TO CONDUCT DRILLS",1.23723458437518,25.7920298689197,0,0.001131962108303,0.0235974655708323,1.131962108303,23.5974655708323,0.10187658974727,2.12377190137491,0.0281189678267086,0.586182497020903,0.0257757205078162,0.537333955602495,0.0257757205078162,0.537333955602495
"178",2023,"FULL","CP/MS","PTR","CDQ","BSAI",1093,44,48,48,"SAFETY-USCG-MARINE CASUALTY","MARINE CASUALTY",2.29072023052357,3.76841412208156,0,0.00209580990898771,0.00344777138342321,2.09580990898771,3.44777138342321,0.188622891808894,0.310299424508088,0.0520618234209902,0.0856457755018537,0.0477233381359077,0.0785086275433659,0.0477233381359077,0.0785086275433659
"179",2023,"FULL","CP/MS","PTR","RPP","GOA",77,3,3,3,NA,NA,NA,NA,0,NA,NA,NA,NA,NA,NA,NA,NA,NA,NA,NA,NA
"180",2023,"FULL","CV","NPT","OA","BSAI",184,15,15,15,NA,NA,NA,NA,0,NA,NA,NA,NA,NA,NA,NA,NA,NA,NA,NA,NA
"181",2023,"FULL","CV","NPT","RPP","GOA",275,26,28,34,"PROHIBITED SPECIES/MARINE MAMMALS/SEABIRDS","PROHIBITED SPECIES MISHANDLING",1,1,0,0.00363636363636364,0.00363636363636364,3.63636363636364,3.63636363636364,0.327272727272727,0.327272727272727,0.0384615384615385,0.0384615384615385,0.0357142857142857,0.0357142857142857,0.0294117647058824,0.0294117647058824
"182",2023,"FULL","CV","PTR","AFA","BSAI",2811,62,68,74,"OPERATIONAL REQUIREMENTS","DATA TRANSMISSION",1,32,0,0.000355745286374956,0.0113838491639986,0.355745286374956,11.3838491639986,0.032017075773746,1.02454642475987,0.0161290322580645,0.516129032258065,0.0147058823529412,0.470588235294118,0.0135135135135135,0.432432432432432
"183",2023,"FULL","CV","PTR","AFA","BSAI",2811,62,68,74,"OPERATIONAL REQUIREMENTS","MONITORING THE FLOW OF FISH",1,20,0,0.000355745286374956,0.00711490572749911,0.355745286374956,7.11490572749911,0.032017075773746,0.64034151547492,0.0161290322580645,0.32258064516129,0.0147058823529412,0.294117647058824,0.0135135135135135,0.27027027027027
"184",2023,"FULL","CV","PTR","AFA","BSAI",2811,62,68,74,"PERMITS/DOCUMENTS/RECORD KEEPING AND REPORTING","GENERAL REPORTING REQUIREMENTS",3,71,0,0.00106723585912487,0.0252579153326218,1.06723585912487,25.2579153326218,0.096051227321238,2.27321237993597,0.0483870967741935,1.14516129032258,0.0441176470588235,1.04411764705882,0.0405405405405405,0.959459459459459
"185",2023,"FULL","CV","PTR","AFA","BSAI",2811,62,68,74,"PROHIBITED SPECIES/MARINE MAMMALS/SEABIRDS","BSAI SALMON BYCATCH",2,2,0,0.000711490572749911,0.000711490572749911,0.711490572749911,0.711490572749911,0.064034151547492,0.064034151547492,0.032258064516129,0.032258064516129,0.0294117647058824,0.0294117647058824,0.027027027027027,0.027027027027027
"186",2023,"FULL","CV","PTR","AFA","BSAI",2811,62,68,74,"PROHIBITED SPECIES/MARINE MAMMALS/SEABIRDS","PROHIBITED SPECIES RETENTION",1,1,0,0.000355745286374956,0.000355745286374956,0.355745286374956,0.355745286374956,0.032017075773746,0.032017075773746,0.0161290322580645,0.0161290322580645,0.0147058823529412,0.0147058823529412,0.0135135135135135,0.0135135135135135
"187",2023,"FULL","CV","PTR","AFA","BSAI",2811,62,68,74,"SAFETY-USCG-EQUIPMENT","SURVIVAL CRAFT",1,1,0,0.000355745286374956,0.000355745286374956,0.355745286374956,0.355745286374956,0.032017075773746,0.032017075773746,0.0161290322580645,0.0161290322580645,0.0147058823529412,0.0147058823529412,0.0135135135135135,0.0135135135135135
"188",2023,"FULL","CV","PTR","AFA","BSAI",2811,62,68,74,"SAFETY-USCG-FAIL TO CONDUCT DRILLS AND/OR SAFETY ORIENTATION","FAILURE TO CONDUCT DRILLS",1,1,0,0.000355745286374956,0.000355745286374956,0.355745286374956,0.355745286374956,0.032017075773746,0.032017075773746,0.0161290322580645,0.0161290322580645,0.0147058823529412,0.0147058823529412,0.0135135135135135,0.0135135135135135
"189",2023,"FULL","CV","PTR","AFA","BSAI",2811,62,68,74,"SUSTAINABLE FISHERIES","UNLAWFUL DISCARD",2,2,0,0.000711490572749911,0.000711490572749911,0.711490572749911,0.711490572749911,0.064034151547492,0.064034151547492,0.032258064516129,0.032258064516129,0.0294117647058824,0.0294117647058824,0.027027027027027,0.027027027027027
"190",2023,"FULL","CV","PTR","RPP","GOA",388,30,32,39,"OBSERVER SAFETY AND WORK ENVIRONMENT","SAFETY",1,4,0,0.00257731958762887,0.0103092783505155,2.57731958762887,10.3092783505155,0.231958762886598,0.927835051546392,0.0333333333333333,0.133333333333333,0.03125,0.125,0.0256410256410256,0.102564102564103
"191",2023,"FULL","PLANT"," ","AFA","BSAI",3527,93,103,110,"CONTRACTOR REQUIREMENTS","DEPLOYMENT LOGISTICS",2,62,0,0.000567054153671676,0.0175786787638219,0.567054153671676,17.5786787638219,0.0510348738304508,1.58208108874397,0.021505376344086,0.666666666666667,0.0194174757281553,0.601941747572815,0.0181818181818182,0.563636363636364
"192",2023,"FULL","PLANT"," ","AFA","BSAI",3527,93,103,110,"GEAR/EQUIPMENT REQUIREMENTS","SCALES",4.5145125958379,133.054901423877,0,0.00127998655963649,0.0377246672593925,1.27998655963649,37.7246672593925,0.115198790367284,3.39522005334532,0.0485431461918053,1.43069786477287,0.043830219377067,1.29179515945512,0.0410410235985263,1.20959001294434
"193",2023,"FULL","PLANT"," ","AFA","BSAI",3527,93,103,110,"INTERFERENCE WITH DUTIES","NOTIFICATION",2,6,0,0.000567054153671676,0.00170116246101503,0.567054153671676,1.70116246101503,0.0510348738304508,0.153104621491352,0.021505376344086,0.0645161290322581,0.0194174757281553,0.058252427184466,0.0181818181818182,0.0545454545454545
"194",2023,"FULL","PLANT"," ","AFA","BSAI",3527,93,103,110,"OBSERVER SAFETY AND WORK ENVIRONMENT","HOSTILE WORK ENVIRONMENT",0.723076923076923,2.16923076923077,0,0.000205011886327452,0.000615035658982356,0.205011886327452,0.615035658982356,0.0184510697694707,0.055353209308412,0.00777502067824648,0.0233250620347395,0.0070201643017177,0.0210604929051531,0.00657342657342657,0.0197202797202797
"195",2023,"FULL","PLANT"," ","AFA","BSAI",3527,93,103,110,"OBSERVER SAFETY AND WORK ENVIRONMENT","SAFETY",7.82612594878088,150.141158807488,0,0.00221891861320694,0.0425690838694325,2.21891861320694,42.5690838694325,0.199702675188625,3.83121754824893,0.084151891922375,1.61442106244611,0.0759818053279697,1.45768115347076,0.0711465995343716,1.36491962552262
"196",2023,"FULL","PLANT"," ","AFA","BSAI",3527,93,103,110,"OBSERVER SAFETY AND WORK ENVIRONMENT","SEXUAL HARASSMENT",1.68496714129244,10.2133077765608,0,0.000477733808135084,0.00289574929871301,0.477733808135084,2.89574929871301,0.0429960427321576,0.260617436884171,0.0181179262504564,0.10982051372646,0.0163589042843926,0.0991583279277747,0.0153178831026586,0.092848252514189
"197",2023,"FULL","PLANT"," ","AFA","BSAI",3527,93,103,110,"OPERATIONAL REQUIREMENTS","CMCP",3.39393939393939,27.3939393939394,0,0.000962273715321631,0.00776692355938174,0.962273715321631,7.76692355938174,0.0866046343789468,0.699023120344357,0.0364939719778429,0.294558488106875,0.0329508679023242,0.265960576640188,0.0308539944903581,0.249035812672176
"198",2023,"FULL","PLANT"," ","AFA","BSAI",3527,93,103,110,"OPERATIONAL REQUIREMENTS","MONITORING THE FLOW OF FISH",1.68496714129244,363.235898138007,0,0.000477733808135084,0.102987212400909,0.477733808135084,102.987212400909,0.0429960427321576,9.26884911608182,0.0181179262504564,3.90576234556996,0.0163589042843926,3.52656211784472,0.0153178831026586,3.30214452852733
"199",2023,"FULL","PLANT"," ","AFA","BSAI",3527,93,103,110,"PERMITS/DOCUMENTS/RECORD KEEPING AND REPORTING","FALSE REPORTING",3.62024312896406,364.07478858351,0,0.00102643695179021,0.103225060556708,1.02643695179021,103.225060556708,0.0923793256611186,9.29025545010373,0.0389273454727318,3.91478267294096,0.0351479915433404,3.53470668527679,0.0329113011724005,3.30977080530463
"200",2023,"FULL","PLANT"," ","AFA","BSAI",3527,93,103,110,"PROHIBITED SPECIES/MARINE MAMMALS/SEABIRDS","BSAI SALMON BYCATCH",2.83152173913043,255.538043478261,0,0.00080281308169278,0.0724519544877405,0.80281308169278,72.4519544877405,0.0722531773523502,6.52067590389665,0.0304464703132305,2.74772089761571,0.0274905023216547,2.48095187842972,0.0257411067193676,2.32307312252964
"201",2023,"FULL","PLANT"," ","OA","BSAI",157,23,23,23,"GEAR/EQUIPMENT REQUIREMENTS","SCALES",0.173877327491785,5.35117743702081,0,0.00110749890122156,0.0340839327198778,1.10749890122156,34.0839327198778,0.0996749011099406,3.067553944789,0.00755988380399067,0.232659888566122,0.00755988380399067,0.232659888566122,0.00755988380399067,0.232659888566122
"202",2023,"FULL","PLANT"," ","OA","BSAI",157,23,23,23,"OBSERVER SAFETY AND WORK ENVIRONMENT","SAFETY",0.117059145673604,10,0,0.000745599653971997,0.0636942675159236,0.745599653971997,63.6942675159236,0.0671039688574797,5.73248407643312,0.00508952807276537,0.434782608695652,0.00508952807276537,0.434782608695652,0.00508952807276537,0.434782608695652
"203",2023,"FULL","PLANT"," ","OA","BSAI",157,23,23,23,"OBSERVER SAFETY AND WORK ENVIRONMENT","SEXUAL HARASSMENT",0.117059145673604,0.71604600219058,0,0.000745599653971997,0.00456080256172344,0.745599653971997,4.56080256172344,0.0671039688574797,0.41047223055511,0.00508952807276537,0.0311324348778513,0.00508952807276537,0.0311324348778513,0.00508952807276537,0.0311324348778513
"204",2023,"FULL","PLANT"," ","OA","BSAI",157,23,23,23,"OPERATIONAL REQUIREMENTS","MONITORING THE FLOW OF FISH",0.117059145673604,24.9253833515882,0,0.000745599653971997,0.1587604035133,0.745599653971997,158.7604035133,0.0671039688574797,14.288436316197,0.00508952807276537,1.08371231963427,0.00508952807276537,1.08371231963427,0.00508952807276537,1.08371231963427
"205",2023,"FULL","PLANT"," ","OA","BSAI",157,23,23,23,"PERMITS/DOCUMENTS/RECORD KEEPING AND REPORTING","FALSE REPORTING",0.0568181818181818,23.2386363636364,0,0.000361899247249566,0.148016792125072,0.361899247249566,148.016792125072,0.0325709322524609,13.3215112912565,0.0024703557312253,1.01037549407115,0.0024703557312253,1.01037549407115,0.0024703557312253,1.01037549407115
"206",2023,"FULL","PLANT"," ","OA","BSAI",157,23,23,23,"PROHIBITED SPECIES/MARINE MAMMALS/SEABIRDS","BSAI SALMON BYCATCH",0.125,0.375,0,0.000796178343949045,0.00238853503184713,0.796178343949045,2.38853503184713,0.071656050955414,0.214968152866242,0.00543478260869565,0.016304347826087,0.00543478260869565,0.016304347826087,0.00543478260869565,0.016304347826087
"207",2023,"FULL","PLANT"," ","OA","GOA",1348,41,41,60,"GEAR/EQUIPMENT REQUIREMENTS","SCALES",0.311610076670318,10.5939211391019,0,0.00023116474530439,0.0078589919429539,0.23116474530439,7.8589919429539,0.0208048270773951,0.707309274865851,0.00760024577244677,0.258388320465899,0.00760024577244677,0.258388320465899,0.00519350127783863,0.176565352318364
"208",2023,"FULL","PLANT"," ","OA","GOA",1348,41,41,60,"INTERFERENCE WITH DUTIES","DESTRUCTION OF SAMPLE/WORK/PERSONAL EFFECTS",1,1,0,0.000741839762611276,0.000741839762611276,0.741839762611276,0.741839762611276,0.0667655786350148,0.0667655786350148,0.024390243902439,0.024390243902439,0.024390243902439,0.024390243902439,0.0166666666666667,0.0166666666666667
"209",2023,"FULL","PLANT"," ","OA","GOA",1348,41,41,60,"INTERFERENCE WITH DUTIES","REASONABLE ASSISTANCE",1,8,0,0.000741839762611276,0.00593471810089021,0.741839762611276,5.93471810089021,0.0667655786350148,0.534124629080119,0.024390243902439,0.195121951219512,0.024390243902439,0.195121951219512,0.0166666666666667,0.133333333333333
"210",2023,"FULL","PLANT"," ","OA","GOA",1348,41,41,60,"OBSERVER SAFETY AND WORK ENVIRONMENT","HOSTILE WORK ENVIRONMENT",0.276923076923077,0.830769230769231,0,0.0002054325496462,0.000616297648938599,0.2054325496462,0.616297648938599,0.018488929468158,0.0554667884044739,0.00675422138836773,0.0202626641651032,0.00675422138836773,0.0202626641651032,0.00461538461538462,0.0138461538461538
"211",2023,"FULL","PLANT"," ","OA","GOA",1348,41,41,60,"OBSERVER SAFETY AND WORK ENVIRONMENT","INTIMIDATION/BRIBERY/COERCION",3,3,0,0.00222551928783383,0.00222551928783383,2.22551928783383,2.22551928783383,0.200296735905045,0.200296735905045,0.0731707317073171,0.0731707317073171,0.0731707317073171,0.0731707317073171,0.05,0.05
"212",2023,"FULL","PLANT"," ","OA","GOA",1348,41,41,60,"OBSERVER SAFETY AND WORK ENVIRONMENT","SAFETY",1.05681490554552,17.8588411925116,0,0.000783987318653947,0.0132483985107653,0.783987318653947,13.2483985107653,0.0705588586788552,1.19235586596887,0.0257759733059883,0.435581492500282,0.0257759733059883,0.435581492500282,0.017613581759092,0.297647353208526
"213",2023,"FULL","PLANT"," ","OA","GOA",1348,41,41,60,"OBSERVER SAFETY AND WORK ENVIRONMENT","SEXUAL HARASSMENT",0.197973713033954,1.07064622124863,0,0.000146864772280381,0.000794247938611744,0.146864772280381,0.794247938611744,0.0132178295052343,0.0714823144750569,0.00482862714716961,0.0261133224694788,0.00482862714716961,0.0261133224694788,0.00329956188389923,0.0178441036874772
"214",2023,"FULL","PLANT"," ","OA","GOA",1348,41,41,60,"OPERATIONAL REQUIREMENTS","CMCP",0.606060606060606,0.606060606060606,0,0.000449599856128046,0.000449599856128046,0.449599856128046,0.449599856128046,0.0404639870515241,0.0404639870515241,0.0147819660014782,0.0147819660014782,0.0147819660014782,0.0147819660014782,0.0101010101010101,0.0101010101010101
"215",2023,"FULL","PLANT"," ","OA","GOA",1348,41,41,60,"OPERATIONAL REQUIREMENTS","MONITORING THE FLOW OF FISH",4.19797371303395,56.8387185104053,0,0.00311422382272549,0.0421652214468882,3.11422382272549,42.1652214468882,0.280280144045294,3.79486993021994,0.102389602756926,1.38631020757086,0.102389602756926,1.38631020757086,0.0699662285505659,0.947311975173421
"216",2023,"FULL","PLANT"," ","OA","GOA",1348,41,41,60,"PERMITS/DOCUMENTS/RECORD KEEPING AND REPORTING","FALSE REPORTING",1.32293868921776,49.6865750528541,0,0.000981408523158575,0.0368594770421767,0.981408523158575,36.8594770421766,0.0883267670842717,3.3173529337959,0.0322667972979941,1.21186768421595,0.0322667972979941,1.21186768421595,0.0220489781536293,0.828109584214235
"217",2023,"FULL","PLANT"," ","OA","GOA",1348,41,41,60,"PERMITS/DOCUMENTS/RECORD KEEPING AND REPORTING","GENERAL REPORTING REQUIREMENTS",3,234,0,0.00222551928783383,0.173590504451039,2.22551928783383,173.590504451039,0.200296735905045,15.6231454005935,0.0731707317073171,5.70731707317073,0.0731707317073171,5.70731707317073,0.05,3.9
"218",2023,"FULL","PLANT"," ","OA","GOA",1348,41,41,60,"PROHIBITED SPECIES/MARINE MAMMALS/SEABIRDS","BSAI SALMON BYCATCH",0.0434782608695652,0.0869565217391304,0,3.22539027222294e-05,6.45078054444588e-05,0.0322539027222294,0.0645078054444588,0.00290285124500064,0.00580570249000129,0.00106044538706257,0.00212089077412513,0.00106044538706257,0.00212089077412513,0.00072463768115942,0.00144927536231884
"219",2023,"FULL","PLANT"," ","OA","GOA",1348,41,41,60,"PROHIBITED SPECIES/MARINE MAMMALS/SEABIRDS","GOA SALMON BYCATCH",6,302,0,0.00445103857566766,0.224035608308605,4.45103857566766,224.035608308605,0.400593471810089,20.1632047477745,0.146341463414634,7.36585365853659,0.146341463414634,7.36585365853659,0.1,5.03333333333333
"220",2023,"PARTIAL","CV","HAL","IFQ","BSAI",210,12,13,17,"PERMITS/DOCUMENTS/RECORD KEEPING AND REPORTING","GENERAL REPORTING REQUIREMENTS",3.4,173.6,0,0.0161904761904762,0.826666666666667,16.1904761904762,826.666666666667,1.45714285714286,74.4,0.283333333333333,14.4666666666667,0.261538461538462,13.3538461538462,0.2,10.2117647058824
"221",2023,"PARTIAL","CV","HAL","IFQ","BSAI",210,12,13,17,"SAFETY-USCG-MARINE CASUALTY","MARINE CASUALTY",1,1,0,0.00476190476190476,0.00476190476190476,4.76190476190476,4.76190476190476,0.428571428571429,0.428571428571429,0.0833333333333333,0.0833333333333333,0.0769230769230769,0.0769230769230769,0.0588235294117647,0.0588235294117647
"222",2023,"PARTIAL","CV","HAL","IFQ","BSAI",210,12,13,17,"SUSTAINABLE FISHERIES","UNLAWFUL DISCARD",5.82641672053437,204.948631760396,0,0.0277448415263541,0.975945865525698,27.7448415263541,975.945865525698,2.49703573737187,87.8351278973128,0.485534726711197,17.0790526466997,0.448185901579567,15.7652793661843,0.342730395325551,12.0558018682586
"223",2023,"PARTIAL","CV","HAL","IFQ","GOA",1312,55,79,224,"INTERFERENCE WITH DUTIES","ACCESS",1,6,0,0.00076219512195122,0.00457317073170732,0.76219512195122,4.57317073170732,0.0685975609756098,0.411585365853659,0.0181818181818182,0.109090909090909,0.0126582278481013,0.0759493670886076,0.00446428571428571,0.0267857142857143
"224",2023,"PARTIAL","CV","HAL","IFQ","GOA",1312,55,79,224,"INTERFERENCE WITH DUTIES","NOTIFICATION",1,2,0,0.00076219512195122,0.00152439024390244,0.76219512195122,1.52439024390244,0.0685975609756098,0.13719512195122,0.0181818181818182,0.0363636363636364,0.0126582278481013,0.0253164556962025,0.00446428571428571,0.00892857142857143
"225",2023,"PARTIAL","CV","HAL","IFQ","GOA",1312,55,79,224,"INTERFERENCE WITH DUTIES","SAMPLING INTERFERENCE",3,30,0,0.00228658536585366,0.0228658536585366,2.28658536585366,22.8658536585366,0.205792682926829,2.05792682926829,0.0545454545454545,0.545454545454545,0.0379746835443038,0.379746835443038,0.0133928571428571,0.133928571428571
"226",2023,"PARTIAL","CV","HAL","IFQ","GOA",1312,55,79,224,"MARPOL/OIL SPILL","DISCHARGE OF GARBAGE OR PLASTIC, OR LOSS OF FISHING GEAR",6.3,6.3,0,0.00480182926829268,0.00480182926829268,4.80182926829268,4.80182926829268,0.432164634146341,0.432164634146341,0.114545454545455,0.114545454545455,0.079746835443038,0.079746835443038,0.028125,0.028125
"227",2023,"PARTIAL","CV","HAL","IFQ","GOA",1312,55,79,224,"OBSERVER SAFETY AND WORK ENVIRONMENT","ASSAULT",1,8,0,0.00076219512195122,0.00609756097560976,0.76219512195122,6.09756097560976,0.0685975609756098,0.548780487804878,0.0181818181818182,0.145454545454545,0.0126582278481013,0.10126582278481,0.00446428571428571,0.0357142857142857
"228",2023,"PARTIAL","CV","HAL","IFQ","GOA",1312,55,79,224,"OBSERVER SAFETY AND WORK ENVIRONMENT","HOSTILE WORK ENVIRONMENT",1,17,0,0.00076219512195122,0.0129573170731707,0.76219512195122,12.9573170731707,0.0685975609756098,1.16615853658537,0.0181818181818182,0.309090909090909,0.0126582278481013,0.215189873417722,0.00446428571428571,0.0758928571428571
"229",2023,"PARTIAL","CV","HAL","IFQ","GOA",1312,55,79,224,"OBSERVER SAFETY AND WORK ENVIRONMENT","IMPEDIMENT",1,1,0,0.00076219512195122,0.00076219512195122,0.76219512195122,0.76219512195122,0.0685975609756098,0.0685975609756098,0.0181818181818182,0.0181818181818182,0.0126582278481013,0.0126582278481013,0.00446428571428571,0.00446428571428571
"230",2023,"PARTIAL","CV","HAL","IFQ","GOA",1312,55,79,224,"OBSERVER SAFETY AND WORK ENVIRONMENT","INTIMIDATION/BRIBERY/COERCION",1,1,0,0.00076219512195122,0.00076219512195122,0.76219512195122,0.76219512195122,0.0685975609756098,0.0685975609756098,0.0181818181818182,0.0181818181818182,0.0126582278481013,0.0126582278481013,0.00446428571428571,0.00446428571428571
"231",2023,"PARTIAL","CV","HAL","IFQ","GOA",1312,55,79,224,"OBSERVER SAFETY AND WORK ENVIRONMENT","SAFETY",4.4,31.4,0,0.00335365853658537,0.0239329268292683,3.35365853658537,23.9329268292683,0.301829268292683,2.15396341463415,0.08,0.570909090909091,0.0556962025316456,0.39746835443038,0.0196428571428571,0.140178571428571
"232",2023,"PARTIAL","CV","HAL","IFQ","GOA",1312,55,79,224,"PERMITS/DOCUMENTS/RECORD KEEPING AND REPORTING","FALSE REPORTING",1,1,0,0.00076219512195122,0.00076219512195122,0.76219512195122,0.76219512195122,0.0685975609756098,0.0685975609756098,0.0181818181818182,0.0181818181818182,0.0126582278481013,0.0126582278481013,0.00446428571428571,0.00446428571428571
"233",2023,"PARTIAL","CV","HAL","IFQ","GOA",1312,55,79,224,"PERMITS/DOCUMENTS/RECORD KEEPING AND REPORTING","GENERAL REPORTING REQUIREMENTS",2.52857142857143,58.1857142857143,0,0.00192726480836237,0.0443488675958188,1.92726480836237,44.3488675958188,0.173453832752613,3.99139808362369,0.045974025974026,1.05792207792208,0.0320072332730561,0.736528028933092,0.0112882653061224,0.259757653061225
"234",2023,"PARTIAL","CV","HAL","IFQ","GOA",1312,55,79,224,"PROHIBITED SPECIES/MARINE MAMMALS/SEABIRDS","MARINE MAMMAL",1,1,0,0.00076219512195122,0.00076219512195122,0.76219512195122,0.76219512195122,0.0685975609756098,0.0685975609756098,0.0181818181818182,0.0181818181818182,0.0126582278481013,0.0126582278481013,0.00446428571428571,0.00446428571428571
"235",2023,"PARTIAL","CV","HAL","IFQ","GOA",1312,55,79,224,"PROHIBITED SPECIES/MARINE MAMMALS/SEABIRDS","PROHIBITED SPECIES MISHANDLING",3,5,0,0.00228658536585366,0.0038109756097561,2.28658536585366,3.8109756097561,0.205792682926829,0.342987804878049,0.0545454545454545,0.0909090909090909,0.0379746835443038,0.0632911392405063,0.0133928571428571,0.0223214285714286
"236",2023,"PARTIAL","CV","HAL","IFQ","GOA",1312,55,79,224,"PROHIBITED SPECIES/MARINE MAMMALS/SEABIRDS","PROHIBITED SPECIES RETENTION",1,3,0,0.00076219512195122,0.00228658536585366,0.76219512195122,2.28658536585366,0.0685975609756098,0.205792682926829,0.0181818181818182,0.0545454545454545,0.0126582278481013,0.0379746835443038,0.00446428571428571,0.0133928571428571
"237",2023,"PARTIAL","CV","HAL","IFQ","GOA",1312,55,79,224,"SAFETY-USCG-EQUIPMENT","EPIRB",1,9,0,0.00076219512195122,0.00685975609756098,0.76219512195122,6.85975609756098,0.0685975609756098,0.617378048780488,0.0181818181818182,0.163636363636364,0.0126582278481013,0.113924050632911,0.00446428571428571,0.0401785714285714
"238",2023,"PARTIAL","CV","HAL","IFQ","GOA",1312,55,79,224,"SAFETY-USCG-EQUIPMENT","GENERAL SAFETY EQUIPMENT",5.33333333333333,27.6666666666667,0,0.0040650406504065,0.0210873983739837,4.0650406504065,21.0873983739837,0.365853658536585,1.89786585365854,0.096969696969697,0.503030303030303,0.0675105485232067,0.350210970464135,0.0238095238095238,0.123511904761905
"239",2023,"PARTIAL","CV","HAL","IFQ","GOA",1312,55,79,224,"SAFETY-USCG-MARINE CASUALTY","MARINE CASUALTY",2,2,0,0.00152439024390244,0.00152439024390244,1.52439024390244,1.52439024390244,0.13719512195122,0.13719512195122,0.0363636363636364,0.0363636363636364,0.0253164556962025,0.0253164556962025,0.00892857142857143,0.00892857142857143
"240",2023,"PARTIAL","CV","HAL","IFQ","GOA",1312,55,79,224,"SUSTAINABLE FISHERIES","UNLAWFUL DISCARD",6.0453781512605,79.7949579831933,0,0.00460775773724124,0.0608193277310924,4.60775773724124,60.8193277310924,0.414698196351711,5.47373949579832,0.109915966386555,1.45081741787624,0.0765237740665887,1.01006275928093,0.0269882953181272,0.356227490996399
"241",2023,"PARTIAL","CV","HAL","OA","GOA",23,4,4,8,NA,NA,NA,NA,0,NA,NA,NA,NA,NA,NA,NA,NA,NA,NA,NA,NA
"242",2023,"PARTIAL","CV","NPT","OA","BSAI",146,13,14,30,NA,NA,NA,NA,0,NA,NA,NA,NA,NA,NA,NA,NA,NA,NA,NA,NA
"243",2023,"PARTIAL","CV","NPT","OA","GOA",212,31,38,57,"PROHIBITED SPECIES/MARINE MAMMALS/SEABIRDS","PROHIBITED SPECIES MISHANDLING",1,20,0,0.00471698113207547,0.0943396226415094,4.71698113207547,94.3396226415094,0.424528301886792,8.49056603773585,0.032258064516129,0.645161290322581,0.0263157894736842,0.526315789473684,0.0175438596491228,0.350877192982456
"244",2023,"PARTIAL","CV","NPT","OA","GOA",212,31,38,57,"SUSTAINABLE FISHERIES","UNLAWFUL DISCARD",0.8,0.8,0,0.00377358490566038,0.00377358490566038,3.77358490566038,3.77358490566038,0.339622641509434,0.339622641509434,0.0258064516129032,0.0258064516129032,0.0210526315789474,0.0210526315789474,0.0140350877192982,0.0140350877192982
"245",2023,"PARTIAL","CV","POT","CDQ","BSAI",10,3,3,3,NA,NA,NA,NA,0,NA,NA,NA,NA,NA,NA,NA,NA,NA,NA,NA,NA
"246",2023,"PARTIAL","CV","POT","IFQ","BSAI",109,14,15,19,"INTERFERENCE WITH DUTIES","NOTIFICATION",1,1,0,0.00917431192660551,0.00917431192660551,9.1743119266055,9.1743119266055,0.825688073394495,0.825688073394495,0.0714285714285714,0.0714285714285714,0.0666666666666667,0.0666666666666667,0.0526315789473684,0.0526315789473684
"247",2023,"PARTIAL","CV","POT","IFQ","BSAI",109,14,15,19,"INTERFERENCE WITH DUTIES","REASONABLE ASSISTANCE",1,2,0,0.00917431192660551,0.018348623853211,9.1743119266055,18.348623853211,0.825688073394495,1.65137614678899,0.0714285714285714,0.142857142857143,0.0666666666666667,0.133333333333333,0.0526315789473684,0.105263157894737
"248",2023,"PARTIAL","CV","POT","IFQ","BSAI",109,14,15,19,"MARPOL/OIL SPILL","DISCHARGE OF GARBAGE OR PLASTIC, OR LOSS OF FISHING GEAR",3,4,0,0.0275229357798165,0.036697247706422,27.5229357798165,36.697247706422,2.47706422018349,3.30275229357798,0.214285714285714,0.285714285714286,0.2,0.266666666666667,0.157894736842105,0.210526315789474
"249",2023,"PARTIAL","CV","POT","IFQ","BSAI",109,14,15,19,"MARPOL/OIL SPILL","DISCHARGE OF OIL",1,2,0,0.00917431192660551,0.018348623853211,9.1743119266055,18.348623853211,0.825688073394495,1.65137614678899,0.0714285714285714,0.142857142857143,0.0666666666666667,0.133333333333333,0.0526315789473684,0.105263157894737
"250",2023,"PARTIAL","CV","POT","IFQ","BSAI",109,14,15,19,"OBSERVER SAFETY AND WORK ENVIRONMENT","INTIMIDATION/BRIBERY/COERCION",1,4,0,0.00917431192660551,0.036697247706422,9.1743119266055,36.697247706422,0.825688073394495,3.30275229357798,0.0714285714285714,0.285714285714286,0.0666666666666667,0.266666666666667,0.0526315789473684,0.210526315789474
"251",2023,"PARTIAL","CV","POT","IFQ","BSAI",109,14,15,19,"OBSERVER SAFETY AND WORK ENVIRONMENT","SAFETY",1,1,0,0.00917431192660551,0.00917431192660551,9.1743119266055,9.1743119266055,0.825688073394495,0.825688073394495,0.0714285714285714,0.0714285714285714,0.0666666666666667,0.0666666666666667,0.0526315789473684,0.0526315789473684
"252",2023,"PARTIAL","CV","POT","IFQ","BSAI",109,14,15,19,"OBSERVER SAFETY AND WORK ENVIRONMENT","SEXUAL HARASSMENT",1,1,0,0.00917431192660551,0.00917431192660551,9.1743119266055,9.1743119266055,0.825688073394495,0.825688073394495,0.0714285714285714,0.0714285714285714,0.0666666666666667,0.0666666666666667,0.0526315789473684,0.0526315789473684
"253",2023,"PARTIAL","CV","POT","IFQ","BSAI",109,14,15,19,"PERMITS/DOCUMENTS/RECORD KEEPING AND REPORTING","GENERAL REPORTING REQUIREMENTS",1,3,0,0.00917431192660551,0.0275229357798165,9.1743119266055,27.5229357798165,0.825688073394495,2.47706422018349,0.0714285714285714,0.214285714285714,0.0666666666666667,0.2,0.0526315789473684,0.157894736842105
"254",2023,"PARTIAL","CV","POT","IFQ","BSAI",109,14,15,19,"SAFETY-USCG-MARINE CASUALTY","MARINE CASUALTY",1,1,0,0.00917431192660551,0.00917431192660551,9.1743119266055,9.1743119266055,0.825688073394495,0.825688073394495,0.0714285714285714,0.0714285714285714,0.0666666666666667,0.0666666666666667,0.0526315789473684,0.0526315789473684
"255",2023,"PARTIAL","CV","POT","IFQ","BSAI",109,14,15,19,"SUSTAINABLE FISHERIES","UNLAWFUL DISCARD",1.12820512820513,11.2564102564103,0,0.0103505057633498,0.103269818866149,10.3505057633498,103.269818866149,0.931545518701482,9.29428369795342,0.0805860805860806,0.804029304029304,0.0752136752136752,0.75042735042735,0.0593792172739541,0.592442645074224
"256",2023,"PARTIAL","CV","POT","IFQ","GOA",853,48,67,120,"MARPOL/OIL SPILL","DISCHARGE OF GARBAGE OR PLASTIC, OR LOSS OF FISHING GEAR",4.7,4.7,0,0.00550996483001172,0.00550996483001172,5.50996483001172,5.50996483001172,0.495896834701055,0.495896834701055,0.0979166666666667,0.0979166666666667,0.0701492537313433,0.0701492537313433,0.0391666666666667,0.0391666666666667
"257",2023,"PARTIAL","CV","POT","IFQ","GOA",853,48,67,120,"MARPOL/OIL SPILL","DISCHARGE OF OIL",1,1,0,0.00117233294255569,0.00117233294255569,1.17233294255569,1.17233294255569,0.105509964830012,0.105509964830012,0.0208333333333333,0.0208333333333333,0.0149253731343284,0.0149253731343284,0.00833333333333333,0.00833333333333333
"258",2023,"PARTIAL","CV","POT","IFQ","GOA",853,48,67,120,"OBSERVER SAFETY AND WORK ENVIRONMENT","FOOD AND ACCOMMODATIONS",2,12,0,0.00234466588511137,0.0140679953106682,2.34466588511137,14.0679953106682,0.211019929660023,1.26611957796014,0.0416666666666667,0.25,0.0298507462686567,0.17910447761194,0.0166666666666667,0.1
"259",2023,"PARTIAL","CV","POT","IFQ","GOA",853,48,67,120,"OBSERVER SAFETY AND WORK ENVIRONMENT","FORCED TO PERFORM CREW DUTIES",1,1,0,0.00117233294255569,0.00117233294255569,1.17233294255569,1.17233294255569,0.105509964830012,0.105509964830012,0.0208333333333333,0.0208333333333333,0.0149253731343284,0.0149253731343284,0.00833333333333333,0.00833333333333333
"260",2023,"PARTIAL","CV","POT","IFQ","GOA",853,48,67,120,"OBSERVER SAFETY AND WORK ENVIRONMENT","HOSTILE WORK ENVIRONMENT",1,4,0,0.00117233294255569,0.00468933177022274,1.17233294255569,4.68933177022274,0.105509964830012,0.422039859320047,0.0208333333333333,0.0833333333333333,0.0149253731343284,0.0597014925373134,0.00833333333333333,0.0333333333333333
"261",2023,"PARTIAL","CV","POT","IFQ","GOA",853,48,67,120,"OBSERVER SAFETY AND WORK ENVIRONMENT","SAFETY",3.6,17.6,0,0.00422039859320047,0.0206330597889801,4.22039859320047,20.6330597889801,0.379835873388042,1.85697538100821,0.075,0.366666666666667,0.0537313432835821,0.262686567164179,0.03,0.146666666666667
"262",2023,"PARTIAL","CV","POT","IFQ","GOA",853,48,67,120,"OBSERVER SAFETY AND WORK ENVIRONMENT","SEXUAL HARASSMENT",1,1,0,0.00117233294255569,0.00117233294255569,1.17233294255569,1.17233294255569,0.105509964830012,0.105509964830012,0.0208333333333333,0.0208333333333333,0.0149253731343284,0.0149253731343284,0.00833333333333333,0.00833333333333333
"263",2023,"PARTIAL","CV","POT","IFQ","GOA",853,48,67,120,"PERMITS/DOCUMENTS/RECORD KEEPING AND REPORTING","FALSE REPORTING",2,2,0,0.00234466588511137,0.00234466588511137,2.34466588511137,2.34466588511137,0.211019929660023,0.211019929660023,0.0416666666666667,0.0416666666666667,0.0298507462686567,0.0298507462686567,0.0166666666666667,0.0166666666666667
"264",2023,"PARTIAL","CV","POT","IFQ","GOA",853,48,67,120,"PERMITS/DOCUMENTS/RECORD KEEPING AND REPORTING","GENERAL REPORTING REQUIREMENTS",9.07142857142857,127.214285714286,0,0.0106347345503266,0.149137497906548,10.6347345503266,149.137497906548,0.957126109529392,13.4223748115893,0.188988095238095,2.65029761904762,0.135394456289979,1.89872068230277,0.0755952380952381,1.06011904761905
"265",2023,"PARTIAL","CV","POT","IFQ","GOA",853,48,67,120,"SAFETY-USCG-EQUIPMENT","GENERAL SAFETY EQUIPMENT",1.66666666666667,10.3333333333333,0,0.00195388823759281,0.0121141070730754,1.95388823759281,12.1141070730754,0.175849941383353,1.09026963657679,0.0347222222222222,0.215277777777778,0.0248756218905473,0.154228855721393,0.0138888888888889,0.0861111111111111
"266",2023,"PARTIAL","CV","POT","IFQ","GOA",853,48,67,120,"SAFETY-USCG-MARINE CASUALTY","MARINE CASUALTY",1,2,0,0.00117233294255569,0.00234466588511137,1.17233294255569,2.34466588511137,0.105509964830012,0.211019929660023,0.0208333333333333,0.0416666666666667,0.0149253731343284,0.0298507462686567,0.00833333333333333,0.0166666666666667
"267",2023,"PARTIAL","CV","POT","IFQ","GOA",853,48,67,120,"SUSTAINABLE FISHERIES","UNLAWFUL DISCARD",1,2,0,0.00117233294255569,0.00234466588511137,1.17233294255569,2.34466588511137,0.105509964830012,0.211019929660023,0.0208333333333333,0.0416666666666667,0.0149253731343284,0.0298507462686567,0.00833333333333333,0.0166666666666667
"268",2023,"PARTIAL","CV","POT","OA","BSAI",157,15,15,16,"MARPOL/OIL SPILL","DISCHARGE OF GARBAGE OR PLASTIC, OR LOSS OF FISHING GEAR",1,4,0,0.00636942675159236,0.0254777070063694,6.36942675159236,25.4777070063694,0.573248407643312,2.29299363057325,0.0666666666666667,0.266666666666667,0.0666666666666667,0.266666666666667,0.0625,0.25
"269",2023,"PARTIAL","CV","POT","OA","BSAI",157,15,15,16,"PERMITS/DOCUMENTS/RECORD KEEPING AND REPORTING","FALSE REPORTING",1,13,0,0.00636942675159236,0.0828025477707006,6.36942675159236,82.8025477707006,0.573248407643312,7.45222929936306,0.0666666666666667,0.866666666666667,0.0666666666666667,0.866666666666667,0.0625,0.8125
"270",2023,"PARTIAL","CV","POT","OA","BSAI",157,15,15,16,"PERMITS/DOCUMENTS/RECORD KEEPING AND REPORTING","GENERAL REPORTING REQUIREMENTS",1,5,0,0.00636942675159236,0.0318471337579618,6.36942675159236,31.8471337579618,0.573248407643312,2.86624203821656,0.0666666666666667,0.333333333333333,0.0666666666666667,0.333333333333333,0.0625,0.3125
"271",2023,"PARTIAL","CV","POT","OA","BSAI",157,15,15,16,"SAFETY-USCG-EQUIPMENT","GENERAL SAFETY EQUIPMENT",1,12,0,0.00636942675159236,0.0764331210191083,6.36942675159236,76.4331210191083,0.573248407643312,6.87898089171974,0.0666666666666667,0.8,0.0666666666666667,0.8,0.0625,0.75
"272",2023,"PARTIAL","CV","POT","OA","BSAI",157,15,15,16,"SAFETY-USCG-MARINE CASUALTY","MARINE CASUALTY",1,1,0,0.00636942675159236,0.00636942675159236,6.36942675159236,6.36942675159236,0.573248407643312,0.573248407643312,0.0666666666666667,0.0666666666666667,0.0666666666666667,0.0666666666666667,0.0625,0.0625
"273",2023,"PARTIAL","CV","POT","OA","GOA",46,9,9,10,"OBSERVER SAFETY AND WORK ENVIRONMENT","HOSTILE WORK ENVIRONMENT",1,5,0,0.0217391304347826,0.108695652173913,21.7391304347826,108.695652173913,1.95652173913043,9.78260869565217,0.111111111111111,0.555555555555556,0.111111111111111,0.555555555555556,0.1,0.5
"274",2023,"PARTIAL","CV","POT","OA","GOA",46,9,9,10,"SAFETY-USCG-MARINE CASUALTY","MARINE CASUALTY",1,3,0,0.0217391304347826,0.0652173913043478,21.7391304347826,65.2173913043478,1.95652173913043,5.8695652173913,0.111111111111111,0.333333333333333,0.111111111111111,0.333333333333333,0.1,0.3
"275",2023,"PARTIAL","CV","PTR","AFA","BSAI",6,1,1,1,NA,NA,NA,NA,1,NA,NA,NA,NA,NA,NA,NA,NA,NA,NA,NA,NA
"276",2023,"PARTIAL","CV","PTR","OA","GOA",484,32,39,86,"OBSERVER SAFETY AND WORK ENVIRONMENT","SAFETY",2,4,0,0.00413223140495868,0.00826446280991736,4.13223140495868,8.26446280991736,0.371900826446281,0.743801652892562,0.0625,0.125,0.0512820512820513,0.102564102564103,0.0232558139534884,0.0465116279069767
"277",2023,"PARTIAL","CV","PTR","OA","GOA",484,32,39,86,"SAFETY-USCG-EQUIPMENT","GENERAL SAFETY EQUIPMENT",1,9,0,0.00206611570247934,0.0185950413223141,2.06611570247934,18.595041322314,0.18595041322314,1.67355371900826,0.03125,0.28125,0.0256410256410256,0.230769230769231,0.0116279069767442,0.104651162790698
"278",2023,"PARTIAL","CV","PTR","OA","GOA",484,32,39,86,"SAFETY-USCG-MARINE CASUALTY","MARINE CASUALTY",1,1,0,0.00206611570247934,0.00206611570247934,2.06611570247934,2.06611570247934,0.18595041322314,0.18595041322314,0.03125,0.03125,0.0256410256410256,0.0256410256410256,0.0116279069767442,0.0116279069767442
"279",2023,"PARTIAL","CV","PTR","OA","GOA",484,32,39,86,"SUSTAINABLE FISHERIES","UNLAWFUL DISCARD",0.2,0.2,0,0.000413223140495868,0.000413223140495868,0.413223140495868,0.413223140495868,0.0371900826446281,0.0371900826446281,0.00625,0.00625,0.00512820512820513,0.00512820512820513,0.00232558139534884,0.00232558139534884
"280",2023,"PARTIAL","CV","PTR","RPP","GOA",1,1,1,1,NA,NA,NA,NA,1,NA,NA,NA,NA,NA,NA,NA,NA,NA,NA,NA,NA
